X,Y,Z,Label
2.0,-0.19751547008618076,0.0,#FF5733
1.999363295384535,0.16042392283823304,0.05046199628524888,#FF5733
1.9974535869309076,-0.3269633964372737,0.10089186318455737,#FF5733
1.994272090559304,-0.17150934929780715,0.1512574917689134,#FF5733
1.9898208319431485,0.2559414711906822,0.2015268140101365,#FF5733
1.9841026452193464,0.34401279153306985,0.25166782319873937,#FF5733
1.977121171183777,0.3056803190077788,0.30164859432274765,#FF5733
1.9688808549731815,0.1517416118300574,0.3514373043945021,#FF5733
1.9593869432349238,-0.05631775437842135,0.40100225271250195,#FF5733
1.9486454807864269,-0.08180072447504871,0.45031188104538794,#FF5733
1.936663306766408,0.15779074206076393,0.4993347937252136,#FF5733
1.9234480502803695,0.4189693436861318,0.5480397776372122,#FF5733
1.9090081255431104,0.08966806953179751,0.5963958220933309,#FF5733
1.8933527265213579,0.14547162427270588,0.6443721385768787,#FF5733
1.8764918210799262,0.05569116666123419,0.6919381803457175,#FF5733
1.8584361446351305,0.15175169962247503,0.7390636618815137,#FF5733
1.8391971933194988,-0.20073450595524323,0.7857185781726677,#FF5733
1.8187872166621302,-0.28941055342722144,0.8318732238186425,#FF5733
1.7972192097893644,-0.06440627441582347,0.8774982119435302,#FF5733
1.7745069051507234,0.17360482094955654,0.9225644929068113,#FF5733
1.7506647637753983,0.21073659783186216,0.9670433727993945,#FF5733
1.7257079660648456,0.11258941613622597,1.0109065317131616,#FF5733
1.699652402127355,0.27404549252952104,1.054126041772383,#FF5733
1.6725146616607436,-0.04556702589975736,1.0966743849155265,#FF5733
1.64431202338962,-0.44243634526916786,1.138524470416132,#FF5733
1.6150624440639398,0.25791048156557717,1.1796496521316036,#FF5733
1.58478454702586,-0.39776133812500414,1.2200237454689316,#FF5733
1.5534976103521712,0.30012715955624003,1.2596210440565423,#FF5733
1.5212215545798573,-0.19424084660280305,1.2984163361116658,#FF5733
1.4879769300225978,-0.30569484110052814,1.3363849204927916,#FF5733
1.4537849036862875,0.31709541111115,1.373502622427002,#FF5733
1.418667245791907,0.4899056303781846,1.40974580890216,#FF5733
1.3826463159143216,-0.30534823532893396,1.4450914037141576,#FF5733
1.3457450487458378,-0.14311466719178312,1.4795169021596417,#FF5733
1.3079869394935788,-0.24255688490628868,1.5130003853648621,#FF5733
1.2693960289199762,-0.19895864212677128,1.5455205342415206,#FF5733
1.2299968880359073,-0.12795443579324384,1.5770566430607316,#FF5733
1.1898146024562184,-0.12856141078767958,1.6075886326364561,#FF5733
1.148874756427598,-0.22839239500311104,1.6370970631100121,#FF5733
1.107203416538969,-0.13083760569899638,1.6655631463275218,#FF5733
1.0648271151247712,0.4859937398906107,1.6929687578024164,#FF5733
1.021772833371701,0.4386476076261342,1.7192964482553805,#FF5733
0.9780679841396666,0.1537783065643913,1.7445294547243875,#FF5733
0.9337403945078919,-0.26201700628037106,1.768651711237757,#FF5733
0.888818288057288,-0.1652934480141407,1.7916478590434315,#FF5733
0.843330266900368,-0.15821400819713127,1.8135032563879652,#FF5733
0.7973052934701517,-0.22304012342216262,1.834203987838996,#FF5733
0.7507726720796482,0.37517361302938956,1.8537368731452653,#FF5733
0.7037620302636661,-0.2749242472800776,1.8720894756285456,#FF5733
0.6563032999148267,0.0955232293453776,1.8892501101021297,#FF5733
0.6084266982257867,-0.059378314829913625,1.905207850310844,#FF5733
0.5601627084498142,-0.3378872842389661,1.9199525358878455,#FF5733
0.5115420604919599,0.015485165918087795,1.9334747788237736,#FF5733
0.46259571134318633,0.47234623145899546,1.9457659694441394,#FF5733
0.4133548253699063,0.15848271999529762,1.9568182818911455,#FF5733
0.3638507544714885,-0.4738777966545482,1.9666246791064452,#FF5733
0.3141150181183579,0.2818333457037713,1.9751789173116707,#FF5733
0.2641792832834049,0.45609855782166664,1.9824755499838747,#FF5733
0.2140753442794751,0.16448633485379482,1.9885099313233576,#FF5733
0.1638351025157849,0.0853097047262491,1.993278219211669,#FF5733
0.11349054618614818,-0.16288738614511045,1.9967773776579025,#FF5733
0.06307372990194308,0.1472601459821281,1.9990051787317253,#FF5733
0.012616754282794828,0.3732934904093861,1.999960203981911,#FF5733
-0.03784825448203791,0.2896093308025094,1.9996418453394755,#FF5733
-0.0882891650885542,0.15586324894029258,1.9980503055048353,#FF5733
-0.13867386157616304,-0.4284029165547899,1.995186597818749,#FF5733
-0.18897026377606246,0.1366716885978756,1.991052545617118,#FF5733
-0.23914634773682958,0.15884829956491864,1.985650781070059,#FF5733
-0.2891701661142211,-0.48982767724697307,1.9789847435059913,#FF5733
-0.3390098685121929,-0.35270433234871645,1.9710586772217984,#FF5733
-0.38863372176219524,0.20557565089994878,1.9618776287804662,#FF5733
-0.43801013012782586,-0.22249167653949575,1.9514474437979121,#FF5733
-0.48710765542198364,0.2731426346028193,1.9397747632210545,#FF5733
-0.5358950370237064,-0.09471441903812061,1.9268670190994917,#FF5733
-0.584341211781951,-0.4324815579483583,1.912732429853481,#FF5733
-0.6324153337936476,0.13760673179006144,1.897379995041233,#FF5733
-0.680086794043427,-0.4268637623204534,1.8808194896288515,#FF5733
-0.7273252398925225,-0.18427508714574514,1.8630614577665667,#FF5733
-0.774100594404434,-0.1280564153187842,1.8441172060752271,#FF5733
-0.820383075495054,0.17589016390431378,1.8239987964473212,#FF5733
-0.866143214895057,-0.3802492705495698,1.8027190383671148,#FF5733
-0.911351876912483,0.2018434853999702,1.7802914807547934,#FF5733
-0.9559802769835661,-0.4483165273993889,1.7567304033398021,#FF5733
-0.9999999999999996,-0.020072788296687682,1.7320508075688774,#FF5733
-1.043383018400969,-0.47758913920299584,1.7062684070545535,#FF5733
-1.0861017100184238,-0.3168086292593041,1.6793996175702361,#FF5733
-1.1281288756642462,0.05600102226917869,1.6514615465982014,#FF5733
-1.1694377564480942,0.3457013825394064,1.6224719824371847,#FF5733
-1.2100020508149119,-0.45442029795221517,1.592449382876488,#FF5733
-1.249795931291254,-0.277377399736885,1.5614128634438191,#FF5733
-1.2887940609297541,0.2601703449480781,1.5293821852343492,#FF5733
-1.3269716094412756,-0.1935630894127255,1.4963777423287312,#FF5733
-1.3643042690044753,-0.4981104253811236,1.462420548808093,#FF5733
-1.4007682697427015,0.22011447289190744,1.4275322253742777,#FF5733
-1.436340394858385,0.10532892704402075,1.3917349855838426,#FF5733
-1.470997995415284,0.26499756474681746,1.3550516217045812,#FF5733
-1.5047190047591625,0.38403230936512733,1.3175054902035874,#FF5733
-1.5374819525677323,-0.2929746779847723,1.2791204968760812,#FF5733
-1.5692659785209089,-0.41285525975187354,1.2399210816244775,#FF5733
-1.6000508455826685,0.44304721821441617,1.1999322028973918,#FF5733
-1.6298169528860675,-0.1626831984161582,1.1591793217984756,#FF5733
-1.6585453482132009,-0.42979854779549065,1.117688385875219,#FF5733
-1.6862177400621685,-0.009436830767122206,1.0754858125980244,#FF5733
-1.71281650929336,0.3112850622488441,1.0325984725400812,#FF5733
-1.73832472034764,-0.22646737457896338,0.9890536722687495,#FF5733
-1.7627261320292973,0.14151551630664938,0.9448791369593426,#FF5733
-1.7860052078468913,-0.16487334930235675,0.9001029927423763,#FF5733
-1.808147125905405,-0.431926028188508,0.854753748795537,#FF5733
-1.8291377883434143,-0.246782923132689,0.8088602791917545,#FF5733
-1.8489638303092644,-0.0313185127940403,0.7624518045149434,#FF5733
-1.8676126284705286,0.13097417942568346,0.7155578732551291,#FF5733
-1.8850723090513453,0.47740857100743894,0.66820834299478,#FF5733
-1.9013317553925038,-0.24932546565869207,0.6204333613983539,#FF5733
-1.9163806150294733,0.12677500701492117,0.572263347017138,#FF5733
-1.9302093062838666,-0.3393724937064677,0.5237289699216139,#FF5733
-1.9428090243641352,-0.2970165814097997,0.4748611321736881,#FF5733
-1.9541717469716242,0.3421206708917264,0.4256909481512032,#FF5733
-1.9642902394084052,0.03435547284332563,0.3762497247372679,#FF5733
-1.9731580591836422,0.08833329826692571,0.32656894138702497,#FF5733
-1.980769560115555,-0.17556827892448235,0.2766802300845343,#FF5733
-1.9871198959263698,0.3625568342905223,0.22661535520254003,#FF5733
-1.992205023327966,0.10530733903689327,0.17640619327795304,#FF5733
-1.9960217045962567,0.4530165643344948,0.1260847127159103,#FF5733
-1.998567509632663,-0.4679089160560913,0.07568295343534084,#FF5733
-1.9998408175113676,-0.2648121900492779,0.025233006469007998,#FF5733
-1.9998408175113676,-0.4253496258573658,-0.025233006469006617,#FF5733
-1.998567509632663,-0.11715183269842633,-0.07568295343534036,#FF5733
-1.9960217045962567,0.24147624157434722,-0.1260847127159089,#FF5733
-1.992205023327966,0.1895289132260286,-0.17640619327795257,#FF5733
-1.9871198959263698,-0.07955701153131178,-0.22661535520253953,#FF5733
-1.9807695601155553,0.16447452189323353,-0.2766802300845329,#FF5733
-1.9731580591836424,-0.0469033015731255,-0.32656894138702447,#FF5733
-1.9642902394084054,0.14127562179832198,-0.3762497247372674,#FF5733
-1.9541717469716244,0.2607925330413149,-0.42569094815120184,#FF5733
-1.9428090243641354,0.2661437903486942,-0.4748611321736876,#FF5733
-1.9302093062838668,0.46318805565160204,-0.5237289699216126,#FF5733
-1.9163806150294738,-0.25614924513807014,-0.5722633470171367,#FF5733
-1.9013317553925038,0.2771533396441138,-0.6204333613983535,#FF5733
-1.8850723090513457,0.027184604378488464,-0.6682083429947787,#FF5733
-1.867612628470529,0.28537237345495703,-0.7155578732551278,#FF5733
-1.8489638303092646,-0.20108178787165765,-0.762451804514943,#FF5733
-1.8291377883434148,-0.18856124251727235,-0.8088602791917532,#FF5733
-1.8081471259054052,-0.09393865548506997,-0.8547537487955366,#FF5733
-1.7860052078468915,-0.42982325122568055,-0.9001029927423758,#FF5733
-1.762726132029298,0.12662192445330434,-0.9448791369593413,#FF5733
-1.7383247203476402,0.40868710084518756,-0.9890536722687491,#FF5733
-1.7128165092933603,0.10440359775908792,-1.0325984725400807,#FF5733
-1.6862177400621692,-0.46348467811150396,-1.0754858125980233,#FF5733
-1.658545348213201,0.45934311585707155,-1.1176883858752185,#FF5733
-1.6298169528860682,0.04150563123305062,-1.1591793217984745,#FF5733
-1.6000508455826694,-0.024801077131063498,-1.1999322028973907,#FF5733
-1.5692659785209093,0.36068507969176145,-1.239921081624477,#FF5733
-1.5374819525677335,0.47156308086404797,-1.27912049687608,#FF5733
-1.504719004759163,-0.4672015547803199,-1.317505490203587,#FF5733
-1.4709979954152845,-0.22108025573703782,-1.355051621704581,#FF5733
-1.4363403948583862,0.2003967392682292,-1.3917349855838415,#FF5733
-1.400768269742702,-0.14679382448055256,-1.4275322253742775,#FF5733
-1.3643042690044758,0.004116794144566227,-1.4624205488080928,#FF5733
-1.3269716094412765,-0.018935622930992935,-1.4963777423287303,#FF5733
-1.2887940609297543,0.4378180911928592,-1.529382185234349,#FF5733
-1.2497959312912552,0.05862421916130778,-1.5614128634438182,#FF5733
-1.210002050814912,0.09295921836918664,-1.5924493828764879,#FF5733
-1.1694377564480944,0.4329555065415438,-1.6224719824371845,#FF5733
-1.1281288756642476,-0.41886718919748445,-1.6514615465982005,#FF5733
-1.0861017100184243,0.2506517053657551,-1.679399617570236,#FF5733
-1.0433830184009694,-0.2810548011254874,-1.7062684070545533,#FF5733
-1.0000000000000009,-0.3056567928342425,-1.732050807568877,#FF5733
-0.9559802769835674,-0.19846328500798216,-1.7567304033398015,#FF5733
-0.9113518769124833,-0.49866846933151765,-1.7802914807547932,#FF5733
-0.8661432148950582,-0.4236796136399732,-1.8027190383671143,#FF5733
-0.8203830754950556,0.4274625076306219,-1.8239987964473205,#FF5733
-0.7741005944044345,-0.08760268996874976,-1.8441172060752271,#FF5733
-0.7273252398925234,-0.413897177056756,-1.8630614577665663,#FF5733
-0.6800867940434286,0.14015299577627427,-1.8808194896288508,#FF5733
-0.632415333793648,0.4103693222193283,-1.897379995041233,#FF5733
-0.5843412117819519,0.48657967226432297,-1.9127324298534807,#FF5733
-0.5358950370237078,0.3558658458357915,-1.9268670190994912,#FF5733
-0.48710765542198414,0.43520562608844426,-1.9397747632210545,#FF5733
-0.43801013012782675,-0.07731540094278944,-1.951447443797912,#FF5733
-0.38863372176219657,0.19942840576640952,-1.961877628780466,#FF5733
-0.33900986851219334,0.430667674560803,-1.9710586772217984,#FF5733
-0.28917016611422197,0.30410214332423624,-1.978984743505991,#FF5733
-0.23914634773683094,-0.3406759939540016,-1.9856507810700588,#FF5733
-0.18897026377606252,-0.25734471378475376,-1.991052545617118,#FF5733
-0.138673861576164,0.20807999930260002,-1.995186597818749,#FF5733
-0.08828916508855557,0.057778638190427944,-1.9980503055048353,#FF5733
-0.037848254482037956,0.31305220834168657,-1.9996418453394755,#FF5733
0.012616754282793895,-0.3499663411353102,-1.999960203981911,#FF5733
0.0630737299019417,0.01769524232432751,-1.9990051787317253,#FF5733
0.11349054618614812,-0.21028253158960408,-1.9967773776579025,#FF5733
0.16383510251578443,-0.1851063213898243,-1.993278219211669,#FF5733
0.21407534427947375,0.3936476099604368,-1.9885099313233576,#FF5733
0.26417928328340484,0.055057592991582416,-1.9824755499838747,#FF5733
0.3141150181183574,0.09877979499625567,-1.9751789173116707,#FF5733
0.3638507544714871,0.32414922273063385,-1.9666246791064455,#FF5733
0.4133548253699045,0.4605402428940648,-1.9568182818911457,#FF5733
0.4625957113431859,-0.4348238573824701,-1.9457659694441394,#FF5733
0.5115420604919589,-0.169029263686176,-1.9334747788237738,#FF5733
0.5601627084498124,0.0020803671753727437,-1.919952535887846,#FF5733
0.6084266982257862,0.37796235720687443,-1.9052078503108443,#FF5733
0.6563032999148258,-0.25391031357729144,-1.88925011010213,#FF5733
0.7037620302636649,0.43279186320394314,-1.872089475628546,#FF5733
0.7507726720796477,-0.3852136833030638,-1.8537368731452655,#FF5733
0.7973052934701508,-0.020871459645459223,-1.8342039878389962,#FF5733
0.8433302669003667,-0.3503247832155121,-1.8135032563879658,#FF5733
0.8888182880572876,0.1205738810759428,-1.7916478590434317,#FF5733
0.9337403945078911,-0.3459600110142128,-1.7686517112377576,#FF5733
0.9780679841396653,-0.3762683057103473,-1.7445294547243881,#FF5733
1.0217728333717009,-0.11758555038314922,-1.7192964482553805,#FF5733
1.0648271151247706,-0.32565748698593966,-1.6929687578024168,#FF5733
1.107203416538968,0.03366669127794708,-1.6655631463275227,#FF5733
1.1488747564275978,0.2274579996128806,-1.6370970631100121,#FF5733
1.1898146024562177,-0.42977954179042854,-1.6075886326364566,#FF5733
1.2299968880359062,-0.26916943606288335,-1.5770566430607325,#FF5733
1.2693960289199762,-0.04178354949873586,-1.5455205342415206,#FF5733
1.3079869394935781,-0.46216170020201675,-1.5130003853648626,#FF5733
1.3457450487458371,0.2619965956202669,-1.4795169021596424,#FF5733
1.3826463159143214,-0.409600496600101,-1.4450914037141576,#FF5733
1.4186672457919063,-0.17923172016380962,-1.4097458089021604,#FF5733
1.4537849036862867,-0.02185989502971708,-1.3735026224270028,#FF5733
1.4879769300225967,-0.36116325734601973,-1.336384920492793,#FF5733
1.521221554579857,0.3296061989295349,-1.298416336111666,#FF5733
1.5534976103521705,0.14232616440189105,-1.2596210440565432,#FF5733
1.5847845470258588,-0.18209579860984393,-1.2200237454689327,#FF5733
1.6150624440639394,0.2825064829342162,-1.179649652131604,#FF5733
1.6443120233896196,-0.10887873725602237,-1.1385244704161328,#FF5733
1.6725146616607427,0.4854588051262958,-1.0966743849155278,#FF5733
1.6996524021273547,0.29036711303172014,-1.0541260417723834,#FF5733
1.7257079660648451,0.2695710123591576,-1.0109065317131625,#FF5733
1.7506647637753976,-0.04546831104505056,-0.9670433727993959,#FF5733
1.7745069051507232,0.2754787243828105,-0.9225644929068116,#FF5733
1.797219209789364,0.26595372794095506,-0.8774982119435311,#FF5733
1.8187872166621297,-0.025796526269227682,-0.8318732238186438,#FF5733
1.8391971933194986,-0.4881536312230217,-0.7857185781726679,#FF5733
1.85843614463513,-0.06503303743273703,-0.7390636618815145,#FF5733
1.8764918210799255,0.29961615196675884,-0.6919381803457187,#FF5733
1.8933527265213579,0.4672765243346456,-0.6443721385768788,#FF5733
1.9090081255431102,0.29857358087699093,-0.5963958220933316,#FF5733
1.9234480502803692,-0.3740651190500841,-0.5480397776372136,#FF5733
1.936663306766408,0.2292359310981047,-0.4993347937252138,#FF5733
1.9486454807864266,0.22025974052740016,-0.45031188104538866,#FF5733
1.9593869432349236,0.11940746046070305,-0.4010022527125032,#FF5733
1.9688808549731815,0.028008190525087406,-0.3514373043945021,#FF5733
1.977121171183777,0.017489320367867878,-0.30164859432274826,#FF5733
1.9841026452193464,-0.49263209934499796,-0.2516678231987406,#FF5733
1.9898208319431483,-0.06988408414521574,-0.20152681401013825,#FF5733
1.994272090559304,0.3053035261278375,-0.15125749176891395,#FF5733
1.9974535869309076,0.12754344833686615,-0.10089186318455849,#FF5733
1.999363295384535,-0.3499017945898725,-0.050461996285250575,#FF5733
2.0,-0.009273679688939107,-4.898587196589413e-16,#FF5733
4.0,0.3585270127625829,0.0,#33FF57
3.99872659076907,0.3892339442856255,0.10092399257049776,#33FF57
3.994907173861815,-0.2916099410718125,0.20178372636911474,#33FF57
3.988544181118608,0.221467420537502,0.3025149835378268,#33FF57
3.979641663886297,0.031046177220791615,0.403053628020273,#33FF57
3.968205290438693,0.39477626508624464,0.5033356463974787,#33FF57
3.954242342367554,0.4369092786123385,0.6032971886454953,#33FF57
3.937761709946363,-0.11920744600064537,0.7028746087890042,#33FF57
3.9187738864698476,-0.19063778280149613,0.8020045054250039,#33FF57
3.8972909615728537,-0.31504224354207444,0.9006237620907759,#33FF57
3.873326613532816,-0.47753465873988743,0.9986695874504272,#33FF57
3.846896100560739,-0.16994295610766463,1.0960795552744245,#33FF57
3.818016251086221,0.06260799737377687,1.1927916441866617,#33FF57
3.7867054530427158,-0.3610990208038679,1.2887442771537574,#33FF57
3.7529836421598524,0.2412190524044927,1.383876360691435,#33FF57
3.716872289270261,-0.4781778031673446,1.4781273237630275,#33FF57
3.6783943866389976,0.34327499276920836,1.5714371563453353,#33FF57
3.6375744333242603,0.38650282558943605,1.663746447637285,#33FF57
3.594438419578729,0.0013265865582513525,1.7549964238870603,#33FF57
3.549013810301447,0.017636155943426712,1.8451289858136226,#33FF57
3.5013295275507965,0.24101025934474074,1.934086745598789,#33FF57
3.451415932129691,0.3731476562987456,2.021813063426323,#33FF57
3.39930480425471,0.16253888934607608,2.108252083544766,#33FF57
3.345029323321487,-0.005854841033897662,2.193348769831053,#33FF57
3.28862404677924,-0.19682699684685312,2.277048940832264,#33FF57
3.2301248881278797,-0.12442283250171537,2.359299304263207,#33FF57
3.16956909405172,0.3610134577715324,2.440047490937863,#33FF57
3.1069952207043423,-0.02524755509275811,2.5192420881130846,#33FF57
3.0424431091597146,0.3508190007597233,2.5968326722233317,#33FF57
2.9759538600451956,0.15349271760274397,2.672769840985583,#33FF57
2.907569807372575,-0.3599861371048081,2.747005244854004,#33FF57
2.837334491583814,0.15746688222986527,2.81949161780432,#33FF57
2.7652926318286433,-0.10897778748215192,2.890182807428315,#33FF57
2.6914900974916756,0.35028163382952204,2.9590338043192834,#33FF57
2.6159738789871576,0.05832689715482031,3.0260007707297243,#33FF57
2.5387920578399523,-0.3648245857999912,3.091041068483041,#33FF57
2.4599937760718147,0.4758509995905129,3.154113286121463,#33FF57
2.379629204912437,0.3413034984903931,3.2151772652729123,#33FF57
2.297749512855196,0.4165441032877203,3.2741941262200243,#33FF57
2.214406833077938,-0.4759463695363122,3.3311262926550436,#33FF57
2.1296542302495425,0.1705034223857942,3.385937515604833,#33FF57
2.043545666743402,-0.4901397667842067,3.438592896510761,#33FF57
1.9561359682793331,-0.07013278245802934,3.489058909448775,#33FF57
1.8674807890157838,0.37769035902825243,3.537303422475514,#33FF57
1.777636576114576,-0.3945307072201202,3.583295718086863,#33FF57
1.686660533800736,0.35811524658406135,3.6270065127759303,#33FF57
1.5946105869403033,0.3946795672556961,3.668407975677992,#33FF57
1.5015453441592963,0.48842866000715424,3.7074737462905305,#33FF57
1.4075240605273323,-0.22867782952099258,3.744178951257091,#33FF57
1.3126065998296534,0.27175577997541134,3.7785002202042595,#33FF57
1.2168533964515733,0.24200652681681878,3.810415700621688,#33FF57
1.1203254168996284,0.04473525037875825,3.839905071775691,#33FF57
1.0230841209839199,-0.2871148151651708,3.866949557647547,#33FF57
0.9251914226863727,-0.25085086125971967,3.8915319388882788,#33FF57
0.8267096507398126,-0.032150434177627196,3.913636563782291,#33FF57
0.727701508942977,-0.461686319704368,3.9332493582128905,#33FF57
0.6282300362367158,0.3534493766239645,3.9503578346233414,#33FF57
0.5283585665668098,-0.2184592290238645,3.9649510999677493,#33FF57
0.4281506885589502,-0.4825061583028205,3.9770198626467153,#33FF57
0.3276702050315698,0.2403678370824418,3.986556438423338,#33FF57
0.22698109237229636,-0.48334448389013407,3.993554755315805,#33FF57
0.12614745980388617,0.12512841147097342,3.9980103574634507,#33FF57
0.025233508565589657,0.22163234595825176,3.999920407963822,#33FF57
-0.07569650896407581,-0.38748900706982503,3.999283690678951,#33FF57
-0.1765783301771084,-0.474331643916582,3.9961006110096706,#33FF57
-0.2773477231523261,-0.11520931717101113,3.990373195637498,#33FF57
-0.3779405275521249,-0.4736518130645526,3.982105091234236,#33FF57
-0.47829269547365916,-0.11437542722272864,3.971301562140118,#33FF57
-0.5783403322284422,-0.32027813344660405,3.9579694870119826,#33FF57
-0.6780197370243858,-0.44082471165057524,3.942117354443597,#33FF57
-0.7772674435243905,0.27362058704307746,3.9237552575609325,#33FF57
-0.8760202602556517,0.22881358008440567,3.9028948875958243,#33FF57
-0.9742153108439673,-0.240487005480431,3.879549526442109,#33FF57
-1.0717900740474129,0.17026649122885118,3.8537340381989833,#33FF57
-1.168682423563902,0.41429592569989915,3.825464859706962,#33FF57
-1.2648306675872951,0.4842350354142049,3.794759990082466,#33FF57
-1.360173588086854,0.3487078708153827,3.761638979257703,#33FF57
-1.454650479785045,0.35319363903145995,3.7261229155331335,#33FF57
-1.548201188808868,0.10929325185693528,3.6882344121504542,#33FF57
-1.640766150990108,-0.1460167891590438,3.6479975928946424,#33FF57
-1.732286429790114,-0.34791548654257276,3.6054380767342296,#33FF57
-1.822703753824966,0.18313410501620453,3.5605829615095868,#33FF57
-1.9119605539671323,0.12277534901688003,3.5134608066796043,#33FF57
-1.9999999999999991,0.04409431776949346,3.464101615137755,#33FF57
-2.086766036801938,-0.45281506211251754,3.412536814109107,#33FF57
-2.1722034200368476,-0.46339964456438976,3.3587992351404723,#33FF57
-2.2562577513284925,-0.19137180444822588,3.302923093196403,#33FF57
-2.3388755128961884,-0.20451015982024023,3.2449439648743694,#33FF57
-2.4200041016298237,-0.11748524712714792,3.184898765752976,#33FF57
-2.499591862582508,-0.22494877027864157,3.1228257268876383,#33FF57
-2.5775881218595083,-0.14213234041791512,3.0587643704686984,#33FF57
-2.653943218882551,0.3059029289362265,2.9927554846574624,#33FF57
-2.7286085380089506,0.4737164791028542,2.924841097616186,#33FF57
-2.801536539485403,-0.3158339194512275,2.8550644507485554,#33FF57
-2.87268078971677,0.37730473295199074,2.783469971167685,#33FF57
-2.941995990830568,0.24964340412460007,2.7101032434091623,#33FF57
-3.009438009518325,-0.21738708355574454,2.635010980407175,#33FF57
-3.0749639051354647,0.473043393172193,2.5582409937521624,#33FF57
-3.1385319570418178,-0.3974112324540209,2.479842163248955,#33FF57
-3.200101691165337,-0.46345830386227094,2.3998644057947836,#33FF57
-3.259633905772135,0.24242130236392434,2.318358643596951,#33FF57
-3.3170906964264018,-0.04009453672396446,2.235376771750438,#33FF57
-3.372435480124337,-0.10825996565418006,2.150971625196049,#33FF57
-3.42563301858672,0.3478339348006133,2.0651969450801624,#33FF57
-3.47664944069528,0.48637007224111495,1.978107344537499,#33FF57
-3.5254522640585946,-0.4851457600270507,1.8897582739186851,#33FF57
-3.5720104156937826,-0.20197298755423443,1.8002059854847525,#33FF57
-3.61629425181081,-0.25475089365507253,1.709507497591074,#33FF57
-3.6582755766868287,-0.054452492637615535,1.617720558383509,#33FF57
-3.6979276606185287,-0.4479354150475916,1.5249036090298869,#33FF57
-3.735225256941057,-0.4619063455137632,1.4311157465102582,#33FF57
-3.7701446181026905,0.3098809768969152,1.33641668598956,#33FF57
-3.8026635107850075,0.3283330457684581,1.2408667227967078,#33FF57
-3.8327612300589466,0.28364462744722907,1.144526694034276,#33FF57
-3.860418612567733,-0.06026742669032237,1.0474579398432278,#33FF57
-3.8856180487282703,0.38855057854206787,0.9497222643473762,#33FF57
-3.9083434939432484,-0.1426570867377106,0.8513818963024063,#33FF57
-3.9285804788168104,-0.4582151752743229,0.7524994494745358,#33FF57
-3.9463161183672844,0.34613528478232314,0.6531378827740499,#33FF57
-3.96153912023111,-0.4729547486873875,0.5533604601690686,#33FF57
-3.9742397918527397,0.2440850726384024,0.45323071040508006,#33FF57
-3.984410046655932,-0.08657952487899168,0.3528123865559061,#33FF57
-3.9920434091925134,-0.010128487646608564,0.2521694254318206,#33FF57
-3.997135019265326,0.4492634933731777,0.1513659068706817,#33FF57
-3.999681635022735,0.42349385999105693,0.050466012938015996,#33FF57
-3.999681635022735,-0.0990319976264824,-0.050466012938013234,#33FF57
-3.997135019265326,-0.4479286098679096,-0.15136590687068072,#33FF57
-3.9920434091925134,0.4745580755106693,-0.2521694254318178,#33FF57
-3.984410046655932,-0.45731917180510984,-0.35281238655590513,#33FF57
-3.9742397918527397,0.4701055185180618,-0.45323071040507906,#33FF57
-3.9615391202311105,-0.12492224424495224,-0.5533604601690658,#33FF57
-3.946316118367285,0.17301343259711277,-0.6531378827740489,#33FF57
-3.928580478816811,0.3805063602205506,-0.7524994494745348,#33FF57
-3.908343493943249,0.14052613623969612,-0.8513818963024037,#33FF57
-3.8856180487282708,0.10838057553395819,-0.9497222643473752,#33FF57
-3.8604186125677336,0.06780589584650698,-1.047457939843225,#33FF57
-3.8327612300589475,0.04958636166816577,-1.1445266940342733,#33FF57
-3.8026635107850075,0.3547864584237521,-1.240866722796707,#33FF57
-3.7701446181026914,0.2343269581209717,-1.3364166859895574,#33FF57
-3.735225256941058,0.05061327090067402,-1.4311157465102555,#33FF57
-3.697927660618529,-0.20328349555857328,-1.524903609029886,#33FF57
-3.6582755766868296,-0.2981272543481013,-1.6177205583835064,#33FF57
-3.6162942518108103,-0.2576155451962243,-1.7095074975910731,#33FF57
-3.572010415693783,0.1741504546638719,-1.8002059854847516,#33FF57
-3.525452264058596,0.027179873379279074,-1.8897582739186827,#33FF57
-3.4766494406952804,0.24114274612686448,-1.9781073445374981,#33FF57
-3.4256330185867205,-0.42871532017103975,-2.0651969450801615,#33FF57
-3.3724354801243384,-0.2396675571374577,-2.1509716251960467,#33FF57
-3.317090696426402,0.02562611611586285,-2.235376771750437,#33FF57
-3.2596339057721364,-0.15201934471179634,-2.318358643596949,#33FF57
-3.200101691165339,0.2280024485953781,-2.3998644057947813,#33FF57
-3.1385319570418186,-0.38742421892141776,-2.479842163248954,#33FF57
-3.074963905135467,0.452324452213846,-2.55824099375216,#33FF57
-3.009438009518326,-0.025529546013476567,-2.635010980407174,#33FF57
-2.941995990830569,-0.4383015474185994,-2.710103243409162,#33FF57
-2.8726807897167723,0.14588779955985753,-2.783469971167683,#33FF57
-2.801536539485404,-0.31626090431162024,-2.855064450748555,#33FF57
-2.7286085380089515,-0.49573313330764246,-2.9248410976161856,#33FF57
-2.653943218882553,0.14435745306491354,-2.9927554846574607,#33FF57
-2.5775881218595087,0.17215206634270264,-3.058764370468698,#33FF57
-2.4995918625825104,0.46743004615249706,-3.1228257268876365,#33FF57
-2.420004101629824,0.14356314915129054,-3.1848987657529757,#33FF57
-2.338875512896189,0.20776100829772637,-3.244943964874369,#33FF57
-2.256257751328495,-0.05654781962726907,-3.302923093196401,#33FF57
-2.1722034200368485,-0.3684944317216453,-3.358799235140472,#33FF57
-2.0867660368019387,0.4967651074665017,-3.4125368141091066,#33FF57
-2.0000000000000018,-0.159802098655777,-3.464101615137754,#33FF57
-1.9119605539671347,0.29101620948799634,-3.513460806679603,#33FF57
-1.8227037538249666,-0.4812463485269469,-3.5605829615095863,#33FF57
-1.7322864297901164,0.2456773337788376,-3.6054380767342287,#33FF57
-1.6407661509901112,0.32875759668403826,-3.647997592894641,#33FF57
-1.548201188808869,0.40814353471845954,-3.6882344121504542,#33FF57
-1.4546504797850468,0.42129846420343164,-3.7261229155331326,#33FF57
-1.3601735880868573,0.4636660271641694,-3.7616389792577016,#33FF57
-1.264830667587296,0.193042541360811,-3.794759990082466,#33FF57
-1.1686824235639037,-0.2852865286377583,-3.8254648597069614,#33FF57
-1.0717900740474156,-0.3199658573486429,-3.8537340381989824,#33FF57
-0.9742153108439683,-0.020602405946975155,-3.879549526442109,#33FF57
-0.8760202602556535,-0.4248838618560854,-3.902894887595824,#33FF57
-0.7772674435243931,-0.4775357836557539,-3.923755257560932,#33FF57
-0.6780197370243867,0.3044974610720502,-3.942117354443597,#33FF57
-0.5783403322284439,0.33580512214640934,-3.957969487011982,#33FF57
-0.4782926954736619,-0.010197926980826555,-3.9713015621401175,#33FF57
-0.37794052755212504,-0.11804544003670747,-3.982105091234236,#33FF57
-0.277347723152328,-0.2556700565659705,-3.990373195637498,#33FF57
-0.17657833017711114,-0.43738435378868346,-3.9961006110096706,#33FF57
-0.07569650896407591,0.413397699469925,-3.999283690678951,#33FF57
0.02523350856558779,0.2053181354476349,-3.999920407963822,#33FF57
0.1261474598038834,-0.40582769055478285,-3.9980103574634507,#33FF57
0.22698109237229624,-0.041621851646487684,-3.993554755315805,#33FF57
0.32767020503156885,0.4438120154558204,-3.986556438423338,#33FF57
0.4281506885589475,-0.04517731260012592,-3.9770198626467153,#33FF57
0.5283585665668097,0.184161353835528,-3.9649510999677493,#33FF57
0.6282300362367148,-0.3747286991163643,-3.9503578346233414,#33FF57
0.7277015089429743,-0.14682617804354237,-3.933249358212891,#33FF57
0.826709650739809,-0.09099100017307227,-3.9136365637822914,#33FF57
0.9251914226863718,-0.25733233919333454,-3.8915319388882788,#33FF57
1.0230841209839179,0.4959268669084046,-3.8669495576475477,#33FF57
1.1203254168996248,0.4752686539713371,-3.839905071775692,#33FF57
1.2168533964515724,0.44390715735173003,-3.8104157006216886,#33FF57
1.3126065998296517,-0.06738599278927493,-3.77850022020426,#33FF57
1.4075240605273298,0.19162137867073625,-3.744178951257092,#33FF57
1.5015453441592954,0.1025819530566151,-3.707473746290531,#33FF57
1.5946105869403016,-0.4918199642402722,-3.6684079756779924,#33FF57
1.6866605338007334,-0.2035716945919408,-3.6270065127759317,#33FF57
1.7776365761145752,0.27573595791832806,-3.5832957180868634,#33FF57
1.8674807890157823,0.4027767450379425,-3.537303422475515,#33FF57
1.9561359682793307,-0.37638161542353965,-3.4890589094487763,#33FF57
2.0435456667434018,-0.14771941466865812,-3.438592896510761,#33FF57
2.129654230249541,-0.07647840108235648,-3.3859375156048337,#33FF57
2.214406833077936,0.2127297482032099,-3.3311262926550453,#33FF57
2.2977495128551957,0.3209299761236022,-3.2741941262200243,#33FF57
2.3796292049124355,0.11205745391781541,-3.215177265272913,#33FF57
2.4599937760718125,0.023797755403636933,-3.154113286121465,#33FF57
2.5387920578399523,-0.4338156735255144,-3.091041068483041,#33FF57
2.6159738789871563,0.3683278158327076,-3.026000770729725,#33FF57
2.6914900974916742,-0.19216523766064053,-2.9590338043192848,#33FF57
2.765292631828643,0.4165345183572089,-2.890182807428315,#33FF57
2.8373344915838126,0.4313040550956343,-2.819491617804321,#33FF57
2.9075698073725733,-0.03271204577751641,-2.7470052448540057,#33FF57
2.9759538600451934,-0.20289610297597538,-2.672769840985586,#33FF57
3.042443109159714,0.4979863798591522,-2.596832672223332,#33FF57
3.106995220704341,0.1954169252044784,-2.5192420881130864,#33FF57
3.1695690940517176,-0.31686511565579967,-2.4400474909378653,#33FF57
3.230124888127879,0.47010352379181786,-2.359299304263208,#33FF57
3.288624046779239,0.4412440802005112,-2.2770489408322656,#33FF57
3.3450293233214854,-0.30626875420267863,-2.1933487698310556,#33FF57
3.3993048042547094,-0.38750338616036295,-2.108252083544767,#33FF57
3.4514159321296902,0.32165078266954206,-2.021813063426325,#33FF57
3.501329527550795,-0.12506432053954553,-1.9340867455987918,#33FF57
3.5490138103014464,-0.32657282914271424,-1.8451289858136233,#33FF57
3.594438419578728,-0.4508321755531781,-1.7549964238870621,#33FF57
3.6375744333242594,0.1753790061916537,-1.6637464476372876,#33FF57
3.678394386638997,0.2584616624898102,-1.5714371563453358,#33FF57
3.71687228927026,-0.08483556000851666,-1.478127323763029,#33FF57
3.752983642159851,-0.047516481632916774,-1.3838763606914375,#33FF57
3.7867054530427158,-0.2166823163106063,-1.2887442771537576,#33FF57
3.8180162510862203,0.31387638740296064,-1.1927916441866633,#33FF57
3.8468961005607385,0.4984598151485782,-1.0960795552744271,#33FF57
3.873326613532816,0.21823780431932982,-0.9986695874504276,#33FF57
3.8972909615728533,-0.12214265268337665,-0.9006237620907773,#33FF57
3.918773886469847,-0.2336900826597612,-0.8020045054250065,#33FF57
3.937761709946363,-0.3758127424866693,-0.7028746087890042,#33FF57
3.954242342367554,0.2455745241233256,-0.6032971886454965,#33FF57
3.968205290438693,0.26767050624213684,-0.5033356463974812,#33FF57
3.9796416638862966,0.3253677815653775,-0.4030536280202765,#33FF57
3.988544181118608,-0.401151486892828,-0.3025149835378279,#33FF57
3.994907173861815,-0.34415216069399046,-0.20178372636911698,#33FF57
3.99872659076907,0.32708210330642706,-0.10092399257050115,#33FF57
4.0,0.4101600289115096,-9.797174393178826e-16,#33FF57
6.0,0.4838612387066149,0.0,#3366FF
5.998089886153605,0.49246370538785034,0.15138598885574664,#3366FF
5.992360760792723,0.27096524005165945,0.30267558955367213,#3366FF
5.982816271677912,0.4837799445818628,0.4537724753067402,#3366FF
5.969462495829445,-0.03478697232396666,0.6045804420304095,#3366FF
5.952307935658039,-0.36569101332919796,0.7550034695962181,#3366FF
5.931363513551331,-0.2997240747900951,0.904945782968243,#3366FF
5.906642564919545,0.23250220281593648,1.0543119131835064,#3366FF
5.878160829704772,0.46368794063294827,1.203006758137506,#3366FF
5.845936442359281,-0.4395329435413524,1.3509356431361639,#3366FF
5.809989920299224,0.061303877338813484,1.4980043811756407,#3366FF
5.770344150841108,0.09932810224635535,1.6441193329116368,#3366FF
5.727024376629331,0.16767545747068668,1.7891874662799925,#3366FF
5.680058179564074,0.1768147897735537,1.9331164157306362,#3366FF
5.629475463239778,0.09727046380865978,2.0758145410371527,#3366FF
5.575308433905391,-0.4202139780648123,2.217190985644541,#3366FF
5.517591579958497,0.18771004313867568,2.357155734518003,#3366FF
5.45636164998639,-0.0443299842067274,2.4956196714559273,#3366FF
5.391657629368093,0.07039219045287237,2.6324946358305903,#3366FF
5.323520715452171,-0.18436931708867355,2.767693478720434,#3366FF
5.251994291326195,0.4930489622004933,2.9011301183981835,#3366FF
5.1771238981945364,-0.32227753560651706,3.0327195951394845,#3366FF
5.098957206382065,0.07676087781637986,3.162378125317149,#3366FF
5.017543984982231,-0.460716221610457,3.2900231547465797,#3366FF
4.93293607016886,0.10080092518459116,3.4155734112483955,#3366FF
4.84518733219182,-0.34294141598426897,3.538948956394811,#3366FF
4.7543536410775795,0.4337789434179473,3.660071236406795,#3366FF
4.660492831056514,-0.10767190380883951,3.7788631321696267,#3366FF
4.563664663739572,0.11175748764664872,3.8952490083349973,#3366FF
4.463930790067794,-0.2984643415999355,4.009154761478374,#3366FF
4.361354711058863,0.06011476051627995,4.120507867281006,#3366FF
4.256001737375721,-0.06315232357697598,4.229237426706479,#3366FF
4.147938947742965,0.06906208096229793,4.3352742111424725,#3366FF
4.037235146237514,0.3173343167360848,4.438550706478925,#3366FF
3.9239608184807366,-0.4880237879029541,4.539001156094587,#3366FF
3.8081880867599285,-0.4498858864349391,4.636561602724562,#3366FF
3.689990664107722,-0.05551073246286653,4.731169929182195,#3366FF
3.569443807368655,-0.3632925550326296,4.822765897909369,#3366FF
3.446624269282794,0.1186680047688603,4.911291189330036,#3366FF
3.3216102496169073,0.42886241498161615,4.996689438982566,#3366FF
3.1944813453743137,0.12878715457400747,5.078906273407249,#3366FF
3.0653185001151035,-0.22524617310607664,5.157889344766142,#3366FF
2.934203952419,-0.0907031738545131,5.233588364173162,#3366FF
2.8012211835236758,0.14590336717379127,5.3059551337132715,#3366FF
2.666454864171864,0.4421389867373893,5.374943577130295,#3366FF
2.5299908007011043,0.4562787512888772,5.440509769163896,#3366FF
2.3919158804104548,-0.33789267185595395,5.502611963516988,#3366FF
2.2523180162389442,0.14224901392221934,5.561210619435796,#3366FF
2.1112860907909985,0.26548520257213004,5.616268426885637,#3366FF
1.9689098997444803,-0.1562778709739142,5.667750330306389,#3366FF
1.82528009467736,0.30631865988163043,5.715623550932532,#3366FF
1.6804881253494426,0.44070293080068,5.759857607663537,#3366FF
1.53462618147588,0.16773454651733333,5.800424336471321,#3366FF
1.3877871340295589,0.3763887821354932,5.837297908332419,#3366FF
1.240064476109719,-0.3676306529141471,5.870454845673437,#3366FF
1.0915522634144654,-0.3252508381843435,5.899874037319336,#3366FF
0.9423450543550738,0.4605354598685273,5.925536751935012,#3366FF
0.7925378498502147,-0.427361950712262,5.947426649951624,#3366FF
0.6422260328384253,0.35457721709567547,5.965529793970073,#3366FF
0.49150530754735466,-0.12734244878966183,5.979834657635006,#3366FF
0.34047163855844453,-0.37578755031642574,5.990332132973707,#3366FF
0.18922118970582924,0.16245456343920361,5.9970155361951765,#3366FF
0.03785026284838448,0.44114483164142193,5.999880611945733,#3366FF
-0.11354476344611372,-0.40448473081647984,5.998925536018427,#3366FF
-0.26486749526566256,-0.2986925263644198,5.994150916514506,#3366FF
-0.41602158472848916,-0.10710198971569518,5.985559793456247,#3366FF
-0.5669107913281874,-0.4626643099045683,5.973157636851354,#3366FF
-0.7174390432104887,0.2564315171881534,5.956952343210177,#3366FF
-0.8675104983426632,-0.09578350700842297,5.936954230517974,#3366FF
-1.0170296055365786,0.34972367043645947,5.913176031665396,#3366FF
-1.1659011652865856,0.11958973313374954,5.885632886341399,#3366FF
-1.3140303903834776,0.011382357871726367,5.854342331393736,#3366FF
-1.4613229662659508,0.14721515023016352,5.819324289663164,#3366FF
-1.6076851110711194,-0.07239067325741255,5.780601057298475,#3366FF
-1.753023635345853,-0.18362752218800582,5.738197289560443,#3366FF
-1.8972460013809427,0.34865545155345234,5.692139985123699,#3366FF
-2.040260382130281,0.12400342090249072,5.642458468886554,#3366FF
-2.1819757196775678,0.10409748280534792,5.5891843732997,#3366FF
-2.322301783213302,-0.35224602820507245,5.5323516182256816,#3366FF
-2.461149226485162,-0.3776567522071207,5.471996389341964,#3366FF
-2.598429644685171,0.2900461880532216,5.408157115101345,#3366FF
-2.734055630737449,0.057769509833096144,5.34087444226438,#3366FF
-2.8679408309506984,0.3370443586921963,5.270191210019407,#3366FF
-2.9999999999999987,0.18798125214687345,5.196152422706632,#3366FF
-3.1301490552029065,-0.028907879108786894,5.118805221163661,#3366FF
-3.2583051300552714,-0.47867433300949713,5.038198852710709,#3366FF
-3.3843866269927387,-0.3252142917244377,4.954384639794604,#3366FF
-3.5083132693442827,-0.04518600793272831,4.867415947311554,#3366FF
-3.630006152444736,-0.19419912008790152,4.777348148629464,#3366FF
-3.7493877938737623,-0.37054335058987964,4.684238590331457,#3366FF
-3.8663821827892626,0.26189205194581067,4.588146555703048,#3366FF
-3.9809148283238267,0.472643701688671,4.489133226986194,#3366FF
-4.092912807013426,0.3952227989069137,4.387261646424279,#3366FF
-4.202304809228105,-0.3342144265644651,4.282596676122833,#3366FF
-4.309021184575155,0.1548683210929075,4.175204956751528,#3366FF
-4.412993986245852,0.33394092028703903,4.065154865113744,#3366FF
-4.514157014277488,-0.185018781987477,3.952516470610762,#3366FF
-4.612445857703197,0.4540648531658291,3.8373614906282434,#3366FF
-4.707797935562727,0.05159664804144848,3.719763244873432,#3366FF
-4.800152536748006,-0.2865222514300345,3.5997966086921753,#3366FF
-4.889450858658202,0.4500307634245627,3.4775379653954266,#3366FF
-4.975636044639603,0.12041013557063451,3.3530651576256565,#3366FF
-5.058653220186505,-0.16866665507481948,3.2264574377940733,#3366FF
-5.138449527880081,0.24957067013673995,3.097795417620244,#3366FF
-5.21497416104292,0.3471326882231328,2.9671610168062488,#3366FF
-5.288178396087892,-0.2507297185439883,2.8346374108780275,#3366FF
-5.358015623540674,-0.3332808055037537,2.700308978227129,#3366FF
-5.424441377716215,0.4855004815161249,2.564261246386611,#3366FF
-5.487413365030243,0.1775328994235339,2.4265808375752638,#3366FF
-5.546891490927793,-0.46940085833832723,2.28735541354483,#3366FF
-5.602837885411586,-0.3107711011324753,2.1466736197653873,#3366FF
-5.655216927154036,0.03777989151164762,2.00462502898434,#3366FF
-5.703995266177511,0.4313987035309439,1.8613000841950618,#3366FF
-5.74914184508842,0.12722211046819132,1.7167900410514139,#3366FF
-5.7906279188516,-0.4921096404899965,1.5711869097648417,#3366FF
-5.8284270730924055,0.27694083883983667,1.4245833965210641,#3366FF
-5.862515240914872,-0.2336731337808875,1.2770728444536095,#3366FF
-5.892870718225216,-0.14175551791413055,1.1287491742118037,#3366FF
-5.919474177550926,0.016944707966484618,0.9797068241610749,#3366FF
-5.942308680346665,0.1565270039723865,0.8300406902536028,#3366FF
-5.96135968777911,0.11818511088299577,0.6798460656076201,#3366FF
-5.9766150699838985,-0.3734472609083628,0.5292185798338591,#3366FF
-5.98806511378877,-0.086917225150972,0.3782541381477309,#3366FF
-5.995702528897989,0.15889306035153672,0.22704886030602253,#3366FF
-5.999522452534102,-0.34076670389269326,0.07569901940702399,#3366FF
-5.999522452534102,-0.43975716176944746,-0.07569901940701985,#3366FF
-5.995702528897989,0.36647106295579024,-0.22704886030602106,#3366FF
-5.98806511378877,0.1664175345179154,-0.3782541381477267,#3366FF
-5.9766150699838985,-0.13102707823611126,-0.5292185798338577,#3366FF
-5.96135968777911,-0.23570421831212296,-0.6798460656076186,#3366FF
-5.942308680346666,-0.3589201297903125,-0.8300406902535987,#3366FF
-5.919474177550927,0.0879329004428816,-0.9797068241610734,#3366FF
-5.8928707182252165,-0.21061900041254666,-1.1287491742118023,#3366FF
-5.862515240914873,0.07766395587620001,-1.2770728444536055,#3366FF
-5.828427073092406,-0.14261590207652752,-1.4245833965210628,#3366FF
-5.7906279188516,0.44169346105841156,-1.5711869097648377,#3366FF
-5.749141845088421,0.05778895028283915,-1.7167900410514099,#3366FF
-5.703995266177511,-0.11516294203201705,-1.8613000841950604,#3366FF
-5.655216927154037,-0.005790772509407849,-2.004625028984336,#3366FF
-5.602837885411587,0.17899279388513445,-2.1466736197653833,#3366FF
-5.546891490927794,-0.38912581623972475,-2.287355413544829,#3366FF
-5.487413365030244,-0.4283242355547682,-2.4265808375752593,#3366FF
-5.4244413777162155,0.2855411740156013,-2.56426124638661,#3366FF
-5.358015623540675,-0.04571373945348045,-2.7003089782271275,#3366FF
-5.288178396087893,-0.01984227466534061,-2.834637410878024,#3366FF
-5.214974161042921,0.3480190646078871,-2.967161016806247,#3366FF
-5.138449527880081,-0.2114300224521124,-3.097795417620242,#3366FF
-5.058653220186508,0.12189798289263087,-3.2264574377940702,#3366FF
-4.975636044639604,-0.3389031672467385,-3.3530651576256556,#3366FF
-4.889450858658204,0.2691070926980744,-3.4775379653954235,#3366FF
-4.8001525367480085,0.18823303803688718,-3.5997966086921718,#3366FF
-4.707797935562728,-0.35043266960519937,-3.7197632448734312,#3366FF
-4.6124458577032,-0.3572340597578697,-3.8373614906282403,#3366FF
-4.5141570142774885,-0.26814373675006276,-3.952516470610761,#3366FF
-4.412993986245853,0.055353973681599666,-4.065154865113743,#3366FF
-4.309021184575158,0.15102790702106716,-4.175204956751524,#3366FF
-4.202304809228106,0.10441103574518218,-4.282596676122832,#3366FF
-4.092912807013427,0.11708314659209218,-4.387261646424278,#3366FF
-3.9809148283238294,0.40795150943703395,-4.4891332269861906,#3366FF
-3.866382182789263,-0.2203608717216078,-4.588146555703047,#3366FF
-3.7493877938737654,-0.28541965723463447,-4.6842385903314545,#3366FF
-3.6300061524447362,-0.267537105101731,-4.777348148629463,#3366FF
-3.508313269344283,-0.2672652936671778,-4.867415947311553,#3366FF
-3.3843866269927427,-0.4064483244860956,-4.954384639794601,#3366FF
-3.258305130055273,0.15568032819981448,-5.038198852710708,#3366FF
-3.1301490552029083,0.4795473220644705,-5.11880522116366,#3366FF
-3.0000000000000027,-0.04819484862131096,-5.196152422706631,#3366FF
-2.867940830950702,-0.47962543480520203,-5.270191210019404,#3366FF
-2.73405563073745,0.48763090751490823,-5.340874442264379,#3366FF
-2.5984296446851745,-0.1976706096708235,-5.408157115101343,#3366FF
-2.461149226485167,-0.3065557986455846,-5.471996389341962,#3366FF
-2.3223017832133035,0.10379885931097921,-5.5323516182256816,#3366FF
-2.1819757196775704,-0.2750623880946298,-5.589184373299699,#3366FF
-2.040260382130286,-0.11979174129644632,-5.642458468886552,#3366FF
-1.897246001380944,-0.2457513640624287,-5.692139985123699,#3366FF
-1.7530236353458557,0.3481801642376313,-5.738197289560442,#3366FF
-1.6076851110711234,-0.4589286151873766,-5.780601057298473,#3366FF
-1.4613229662659524,0.3924862547706799,-5.819324289663164,#3366FF
-1.3140303903834802,-0.06309481295755126,-5.8543423313937355,#3366FF
-1.1659011652865896,-0.021429015654804928,-5.885632886341398,#3366FF
-1.01702960553658,0.40008185076907454,-5.913176031665396,#3366FF
-0.8675104983426659,-0.21654385146977295,-5.936954230517973,#3366FF
-0.7174390432104928,0.03879630365925524,-5.956952343210176,#3366FF
-0.5669107913281876,-0.2969730559066368,-5.973157636851354,#3366FF
-0.41602158472849193,0.31858411166064504,-5.985559793456247,#3366FF
-0.2648674952656667,0.37472823123936805,-5.994150916514506,#3366FF
-0.11354476344611386,0.4844494526556159,-5.998925536018427,#3366FF
0.03785026284838169,-0.4948968908545359,-5.999880611945733,#3366FF
0.18922118970582508,0.40909446647315784,-5.9970155361951765,#3366FF
0.34047163855844437,-0.16105179674244519,-5.990332132973707,#3366FF
0.4915053075473533,0.3475390752606856,-5.979834657635006,#3366FF
0.6422260328384213,-0.31532232098887525,-5.965529793970073,#3366FF
0.7925378498502145,0.12599839448778682,-5.947426649951624,#3366FF
0.9423450543550722,-0.1515922869330647,-5.925536751935012,#3366FF
1.0915522634144614,0.4723303574567549,-5.899874037319337,#3366FF
1.2400644761097135,0.2946338257317014,-5.870454845673438,#3366FF
1.3877871340295576,-0.2412901586254148,-5.837297908332419,#3366FF
1.5346261814758768,-0.2324907948531567,-5.8004243364713215,#3366FF
1.6804881253494373,-0.4995963790384583,-5.7598576076635375,#3366FF
1.8252800946773586,0.07151461129740677,-5.715623550932532,#3366FF
1.9689098997444776,0.06959265608109211,-5.66775033030639,#3366FF
2.111286090790995,-0.48658810376626227,-5.616268426885638,#3366FF
2.2523180162389433,-0.4798747966700556,-5.561210619435796,#3366FF
2.391915880410452,0.28822758962954576,-5.502611963516989,#3366FF
2.5299908007011003,0.18008619531209236,-5.4405097691638975,#3366FF
2.666454864171863,0.06688266288480349,-5.374943577130296,#3366FF
2.8012211835236736,-0.11387803354035786,-5.305955133713272,#3366FF
2.9342039524189962,0.39924227090344766,-5.233588364173165,#3366FF
3.0653185001151027,-0.24083375845261845,-5.157889344766142,#3366FF
3.194481345374312,-0.21232089262294507,-5.0789062734072505,#3366FF
3.3216102496169038,0.24161855378168373,-4.996689438982568,#3366FF
3.4466242692827933,-0.26152955757463947,-4.911291189330036,#3366FF
3.5694438073686534,0.3872586440100889,-4.8227658979093695,#3366FF
3.689990664107719,0.03178835531609914,-4.731169929182197,#3366FF
3.8081880867599285,0.22814293904524396,-4.636561602724562,#3366FF
3.9239608184807344,0.013762580907866862,-4.539001156094588,#3366FF
4.037235146237512,0.07533547940565055,-4.438550706478927,#3366FF
4.147938947742964,0.021957647274800207,-4.3352742111424725,#3366FF
4.256001737375719,-0.028418775743039415,-4.229237426706481,#3366FF
4.36135471105886,-0.4916675967274593,-4.120507867281009,#3366FF
4.46393079006779,-0.3768810368554203,-4.009154761478379,#3366FF
4.563664663739571,-0.061977516010090716,-3.895249008334998,#3366FF
4.660492831056511,-0.0022919667782368425,-3.7788631321696293,#3366FF
4.754353641077577,-0.15891695243025106,-3.660071236406798,#3366FF
4.845187332191818,0.3724308435177437,-3.5389489563948118,#3366FF
4.932936070168859,-0.12091492518907498,-3.415573411248398,#3366FF
5.017543984982228,-0.015509605569298146,-3.2900231547465832,#3366FF
5.098957206382064,-0.2968372399113376,-3.1623781253171503,#3366FF
5.177123898194536,0.49728449618000947,-3.032719595139487,#3366FF
5.251994291326193,-0.4116605673830117,-2.9011301183981875,#3366FF
5.32352071545217,-0.29380471190544166,-2.767693478720435,#3366FF
5.391657629368092,0.18076146023260287,-2.632494635830593,#3366FF
5.456361649986389,0.13062746447256668,-2.4956196714559313,#3366FF
5.517591579958496,0.37772522703781375,-2.3571557345180034,#3366FF
5.57530843390539,0.23473924263801416,-2.2171909856445433,#3366FF
5.6294754632397765,0.18218038891271637,-2.0758145410371562,#3366FF
5.680058179564074,0.05472826964682698,-1.9331164157306364,#3366FF
5.7270243766293305,0.28338194427429053,-1.789187466279995,#3366FF
5.770344150841108,-0.11996702038560259,-1.6441193329116408,#3366FF
5.809989920299224,0.31016259031857274,-1.4980043811756414,#3366FF
5.84593644235928,0.4123315644289507,-1.3509356431361659,#3366FF
5.878160829704771,0.2713187134292212,-1.2030067581375097,#3366FF
5.906642564919545,0.0719695010291479,-1.0543119131835064,#3366FF
5.931363513551331,-0.38886455593989544,-0.9049457829682448,#3366FF
5.952307935658039,0.15256474604004866,-0.7550034695962218,#3366FF
5.969462495829445,0.11874155163609135,-0.6045804420304147,#3366FF
5.982816271677912,-0.10287869995887122,-0.45377247530674186,#3366FF
5.992360760792723,-0.334948970475741,-0.30267558955367546,#3366FF
5.998089886153605,-0.07335330096006343,-0.15138598885575172,#3366FF
6.0,0.4046754626680027,-1.4695761589768238e-15,#3366FF
8.0,-0.14322238089693973,0.0,#FFD700
7.99745318153814,-0.44976381425881085,0.20184798514099553,#FFD700
7.98981434772363,-0.3644231798833314,0.40356745273822947,#FFD700
7.977088362237216,0.48581146703205524,0.6050299670756536,#FFD700
7.959283327772594,-0.2567388329454371,0.806107256040546,#FFD700
7.936410580877386,0.17778095000226268,1.0066712927949575,#FFD700
7.908484684735108,-0.2514407923894889,1.2065943772909906,#FFD700
7.875523419892726,0.4863522273134552,1.4057492175780084,#FFD700
7.837547772939695,-0.2403306882108449,1.6040090108500078,#FFD700
7.794581923145707,-0.24175431841465755,1.8012475241815518,#FFD700
7.746653227065632,-0.3889488369240367,1.9973391749008544,#FFD700
7.693792201121478,-0.4676751785635872,2.192159110548849,#FFD700
7.636032502172442,-0.11120595442727488,2.3855832883733235,#FFD700
7.5734109060854315,-0.3903427545467355,2.577488554307515,#FFD700
7.505967284319705,0.08248733884625481,2.76775272138287,#FFD700
7.433744578540522,-0.1403601228413086,2.956254647526055,#FFD700
7.356788773277995,0.3003528777322354,3.1428743126906706,#FFD700
7.275148866648521,0.058089665290029124,3.32749289527457,#FFD700
7.188876839157458,-0.13330177411162714,3.5099928477741207,#FFD700
7.098027620602894,-0.2989014438550822,3.6902579716272452,#FFD700
7.002659055101593,0.24046227837719814,3.868173491197578,#FFD700
6.902831864259382,0.28457173998431573,4.043626126852646,#FFD700
6.79860960850942,-0.10087560773273341,4.216504167089532,#FFD700
6.690058646642974,-0.02240918555365179,4.386697539662106,#FFD700
6.57724809355848,-0.21694244465131862,4.554097881664528,#FFD700
6.460249776255759,0.46540856125025354,4.718598608526414,#FFD700
6.33913818810344,0.3047067743714743,4.880094981875726,#FFD700
6.213990441408685,0.27761331935038347,5.038484176226169,#FFD700
6.084886218319429,-0.1767452739580997,5.193665344446663,#FFD700
5.951907720090391,-0.20129887492584064,5.345539681971166,#FFD700
5.81513961474515,0.06008084554005377,5.494010489708008,#FFD700
5.674668983167628,0.4977893143037878,5.63898323560864,#FFD700
5.5305852636572865,0.18939727888020208,5.78036561485663,#FFD700
5.382980194983351,0.3341836063753397,5.918067608638567,#FFD700
5.231947757974315,0.11829062162014625,6.052001541459449,#FFD700
5.077584115679905,-0.23914036809993955,6.182082136966082,#FFD700
4.919987552143629,0.47754404855136057,6.308226572242926,#FFD700
4.759258409824874,-0.4917354592064932,6.4303545305458245,#FFD700
4.595499025710392,-0.4962189429029612,6.5483882524400485,#FFD700
4.428813666155876,0.2344594415798844,6.662252585310087,#FFD700
4.259308460499085,0.12443121764187381,6.771875031209666,#FFD700
4.087091333486804,-0.46591335430776637,6.877185793021522,#FFD700
3.9122719365586662,-0.18508452601628267,6.97811781889755,#FFD700
3.7349615780315677,0.11357081991425177,7.074606844951028,#FFD700
3.555273152229152,-0.2915618536988672,7.166591436173726,#FFD700
3.373321067601472,-0.08691005117327255,7.254013025551861,#FFD700
3.1892211738806067,-0.16480588668822815,7.336815951355984,#FFD700
3.0030906883185926,-0.1546909005482885,7.414947492581061,#FFD700
2.8150481210546645,-0.24468845213485724,7.488357902514182,#FFD700
2.625213199659307,0.40488705387573043,7.557000440408519,#FFD700
2.4337067929031466,0.006748506964841194,7.620831401243376,#FFD700
2.240650833799257,0.06494892778993011,7.679810143551382,#FFD700
2.0461682419678398,-0.11179366654166367,7.733899115295094,#FFD700
1.8503828453727453,0.47082383167745123,7.7830638777765575,#FFD700
1.6534193014796252,0.40613332839719896,7.827273127564582,#FFD700
1.455403017885954,0.4053994926785376,7.866498716425781,#FFD700
1.2564600724734316,0.2660475124868187,7.900715669246683,#FFD700
1.0567171331336196,-0.4999395048290043,7.929902199935499,#FFD700
0.8563013771179004,-0.04171892904642571,7.9540397252934305,#FFD700
0.6553404100631396,-0.3123222128586247,7.973112876846676,#FFD700
0.4539621847445927,0.2158962605448116,7.98710951063161,#FFD700
0.25229491960777234,-0.2434490082906321,7.996020714926901,#FFD700
0.05046701713117931,0.46926205916133634,7.999840815927644,#FFD700
-0.15139301792815163,-0.45615043925457266,7.998567381357902,#FFD700
-0.3531566603542168,0.4277805047905058,7.992201222019341,#FFD700
-0.5546954463046522,-0.3667073294749559,7.980746391274996,#FFD700
-0.7558810551042499,-0.02952648686966375,7.964210182468472,#FFD700
-0.9565853909473183,0.4905870306775635,7.942603124280236,#FFD700
-1.1566806644568843,-0.03471847992966093,7.915938974023965,#FFD700
-1.3560394740487716,0.32813050296038704,7.884234708887194,#FFD700
-1.554534887048781,-0.2308545336075538,7.847510515121865,#FFD700
-1.7520405205113034,-0.004985612094281611,7.8057897751916485,#FFD700
-1.9484306216879346,0.2933722830466706,7.759099052884218,#FFD700
-2.1435801480948258,0.06389029240932365,7.707468076397967,#FFD700
-2.337364847127804,0.008419816708469585,7.650929719413924,#FFD700
-2.5296613351745902,-0.44395102905339545,7.589519980164932,#FFD700
-2.720347176173708,-0.4967974222489827,7.523277958515406,#FFD700
-2.90930095957009,-0.3838642797743348,7.452245831066267,#FFD700
-3.096402377617736,-0.3283321354412212,7.3764688243009084,#FFD700
-3.281532301980216,0.16355834214809195,7.295995185789285,#FFD700
-3.464572859580228,0.28967597555178703,7.210876153468459,#FFD700
-3.645407507649932,-0.32952648959597275,7.1211659230191735,#FFD700
-3.8239211079342645,0.15329613452988666,7.0269216133592085,#FFD700
-3.9999999999999982,0.1866103244368903,6.92820323027551,#FFD700
-4.173532073603876,-0.04232386192172899,6.825073628218214,#FFD700
-4.344406840073695,0.4960246736139623,6.717598470280945,#FFD700
-4.512515502656985,0.05168919159379992,6.605846186392806,#FFD700
-4.677751025792377,0.3588764689667736,6.489887929748739,#FFD700
-4.840008203259647,-0.14199555109285245,6.369797531505952,#FFD700
-4.999183725165016,0.37621539572611495,6.2456514537752765,#FFD700
-5.1551762437190165,0.2528148719225286,6.117528740937397,#FFD700
-5.307886437765102,0.3940707064683091,5.985510969314925,#FFD700
-5.457217076017901,-0.26595407143348826,5.849682195232372,#FFD700
-5.603073078970806,0.37530748671357583,5.710128901497111,#FFD700
-5.74536157943354,-0.4227079629307485,5.56693994233537,#FFD700
-5.883991981661136,-0.10972803472429427,5.420206486818325,#FFD700
-6.01887601903665,0.2469975422088191,5.27002196081435,#FFD700
-6.149927810270929,-0.11441252882846287,5.116481987504325,#FFD700
-6.2770639140836355,-0.1459057040220909,4.95968432649791,#FFD700
-6.400203382330674,-0.1458195503604912,4.799728811589567,#FFD700
-6.51926781154427,0.382792780277859,4.636717287193902,#FFD700
-6.6341813928528035,-0.16210979339409248,4.470753543500876,#FFD700
-6.744870960248674,0.07492737902482638,4.301943250392098,#FFD700
-6.85126603717344,-0.4148048651959435,4.130393890160325,#FFD700
-6.95329888139056,-0.45268182802166523,3.956214689074998,#FFD700
-7.050904528117189,-0.09271896252369782,3.7795165478373702,#FFD700
-7.144020831387565,-0.007028542193009524,3.600411970969505,#FFD700
-7.23258850362162,0.45666277006173217,3.419014995182148,#FFD700
-7.316551153373657,0.4955159005002404,3.235441116767018,#FFD700
-7.3958553212370575,0.4499956221184144,3.0498072180597737,#FFD700
-7.470450513882114,-0.3394852889006923,2.8622314930205164,#FFD700
-7.540289236205381,-0.25865473456988786,2.67283337197912,#FFD700
-7.605327021570015,0.2046477745634766,2.4817334455934157,#FFD700
-7.665522460117893,-0.17948831514360863,2.289053388068552,#FFD700
-7.720837225135466,0.3598189793080223,2.0949158796864555,#FFD700
-7.771236097456541,-0.23443448047489568,1.8994445286947523,#FFD700
-7.816686987886497,-0.20235692097579416,1.7027637926048127,#FFD700
-7.857160957633621,-0.15226528536183648,1.5049988989490717,#FFD700
-7.892632236734569,0.41840617033857097,1.3062757655480999,#FFD700
-7.92307824046222,0.2119443475369659,1.1067209203381372,#FFD700
-7.948479583705479,0.020318801734657832,0.9064614208101601,#FFD700
-7.968820093311864,-0.33944829474925664,0.7056247731118122,#FFD700
-7.984086818385027,-0.21720125540032653,0.5043388508636412,#FFD700
-7.994270038530652,-0.4959082348873858,0.3027318137413634,#FFD700
-7.99936327004547,-0.4079558676881406,0.10093202587603199,#FFD700
-7.99936327004547,-0.4206352558863512,-0.10093202587602647,#FFD700
-7.994270038530652,-0.31121433942898835,-0.30273181374136143,#FFD700
-7.984086818385027,0.23451463180522958,-0.5043388508636356,#FFD700
-7.968820093311864,-0.2546530904825157,-0.7056247731118103,#FFD700
-7.948479583705479,0.07797163313895561,-0.9064614208101581,#FFD700
-7.923078240462221,-0.04256025105152883,-1.1067209203381316,#FFD700
-7.89263223673457,-0.43723209820448306,-1.3062757655480979,#FFD700
-7.857160957633622,0.49904766994040484,-1.5049988989490697,#FFD700
-7.816686987886498,-0.33212591983583784,-1.7027637926048074,#FFD700
-7.7712360974565415,0.38291675275948367,-1.8994445286947503,#FFD700
-7.720837225135467,0.08184536623984151,-2.09491587968645,#FFD700
-7.665522460117895,0.437271594297459,-2.2890533880685466,#FFD700
-7.605327021570015,-0.3933475723129415,-2.481733445593414,#FFD700
-7.540289236205383,-0.10325307347529511,-2.672833371979115,#FFD700
-7.470450513882116,0.0759207763732449,-2.862231493020511,#FFD700
-7.395855321237058,-0.09991578859700989,-3.049807218059772,#FFD700
-7.316551153373659,-0.2792780654370256,-3.2354411167670127,#FFD700
-7.232588503621621,0.15918570529578635,-3.4190149951821462,#FFD700
-7.144020831387566,0.01733472357599264,-3.6004119709695033,#FFD700
-7.050904528117192,-0.03017063119365193,-3.7795165478373653,#FFD700
-6.953298881390561,0.0008618861296819658,-3.9562146890749963,#FFD700
-6.851266037173441,-0.3809783181105604,-4.130393890160323,#FFD700
-6.744870960248677,0.40102935439245946,-4.301943250392093,#FFD700
-6.634181392852804,0.23555958138553101,-4.470753543500874,#FFD700
-6.519267811544273,0.006987529315801044,-4.636717287193898,#FFD700
-6.400203382330678,-0.438975268047601,-4.799728811589563,#FFD700
-6.277063914083637,0.20439955342451788,-4.959684326497908,#FFD700
-6.149927810270934,0.10729285714950898,-5.11648198750432,#FFD700
-6.018876019036652,0.4221668424595043,-5.270021960814348,#FFD700
-5.883991981661138,-0.0564010034418897,-5.420206486818324,#FFD700
-5.745361579433545,0.23355069574278253,-5.566939942335366,#FFD700
-5.603073078970808,-0.43978281066470415,-5.71012890149711,#FFD700
-5.457217076017903,-0.22411217250702475,-5.849682195232371,#FFD700
-5.307886437765106,-0.12265785990269973,-5.985510969314921,#FFD700
-5.155176243719017,-0.023984341554561972,-6.117528740937396,#FFD700
-4.999183725165021,0.46802584355540866,-6.245651453775273,#FFD700
-4.840008203259648,-0.2246210758761652,-6.369797531505951,#FFD700
-4.677751025792378,0.19426710288344262,-6.489887929748738,#FFD700
-4.51251550265699,-0.11211290274202845,-6.605846186392802,#FFD700
-4.344406840073697,-0.2027480945004695,-6.717598470280944,#FFD700
-4.1735320736038775,0.054798527758209925,-6.825073628218213,#FFD700
-4.0000000000000036,-0.06377714181521377,-6.928203230275508,#FFD700
-3.8239211079342694,0.11507125095193171,-7.026921613359206,#FFD700
-3.6454075076499333,0.28879884981447246,-7.121165923019173,#FFD700
-3.4645728595802328,0.3595744989623627,-7.210876153468457,#FFD700
-3.2815323019802225,-0.03779499936025277,-7.295995185789282,#FFD700
-3.096402377617738,-0.391108543199574,-7.3764688243009084,#FFD700
-2.9093009595700936,-0.1493244749174223,-7.452245831066265,#FFD700
-2.7203471761737146,0.0054083299859133405,-7.523277958515403,#FFD700
-2.529661335174592,0.11589715851001503,-7.589519980164932,#FFD700
-2.3373648471278075,-0.11418894778503141,-7.650929719413923,#FFD700
-2.143580148094831,-0.16517753364906684,-7.707468076397965,#FFD700
-1.9484306216879366,0.16100925868433968,-7.759099052884218,#FFD700
-1.752040520511307,0.10488873042925795,-7.805789775191648,#FFD700
-1.5545348870487863,0.19589473123801415,-7.847510515121864,#FFD700
-1.3560394740487733,-0.13472059555210825,-7.884234708887194,#FFD700
-1.1566806644568879,-0.4492370778222219,-7.915938974023964,#FFD700
-0.9565853909473238,0.49657611309230054,-7.942603124280235,#FFD700
-0.7558810551042501,0.12528607459929342,-7.964210182468472,#FFD700
-0.554695446304656,-0.3126356512595625,-7.980746391274996,#FFD700
-0.3531566603542223,-0.29912487337843063,-7.992201222019341,#FFD700
-0.15139301792815182,0.2612121786319205,-7.998567381357902,#FFD700
0.05046701713117558,-0.42119574286241435,-7.999840815927644,#FFD700
0.2522949196077668,-0.4085035793222088,-7.996020714926901,#FFD700
0.4539621847445925,0.08666230193455493,-7.98710951063161,#FFD700
0.6553404100631377,-0.10962308990634839,-7.973112876846676,#FFD700
0.856301377117895,0.497333862645454,-7.9540397252934305,#FFD700
1.0567171331336194,0.08017606943207745,-7.929902199935499,#FFD700
1.2564600724734296,-0.2870952720690866,-7.900715669246683,#FFD700
1.4554030178859485,0.4678826206836936,-7.866498716425782,#FFD700
1.653419301479618,0.18349770632202056,-7.827273127564583,#FFD700
1.8503828453727436,-0.267415477507582,-7.7830638777765575,#FFD700
2.0461682419678358,-0.3395433089744868,-7.733899115295095,#FFD700
2.2406508337992497,-0.19265189877555355,-7.679810143551384,#FFD700
2.433706792903145,-0.0027785170781312596,-7.620831401243377,#FFD700
2.6252131996593033,-0.2833128983376991,-7.55700044040852,#FFD700
2.8150481210546596,0.25006159062657485,-7.488357902514184,#FFD700
3.003090688318591,0.45464247080754816,-7.414947492581062,#FFD700
3.189221173880603,-0.1362821045033229,-7.336815951355985,#FFD700
3.373321067601467,-0.05815371674573411,-7.254013025551863,#FFD700
3.5552731522291503,0.12822745168339644,-7.166591436173727,#FFD700
3.7349615780315646,0.40613765264135215,-7.07460684495103,#FFD700
3.9122719365586613,-0.2637864835663004,-6.978117818897553,#FFD700
4.0870913334868035,0.41133571939463587,-6.877185793021522,#FFD700
4.259308460499082,-0.04750878623385568,-6.771875031209667,#FFD700
4.428813666155872,-0.39878118009119323,-6.662252585310091,#FFD700
4.595499025710391,-0.33240943195449824,-6.5483882524400485,#FFD700
4.759258409824871,-0.1105308478875735,-6.430354530545826,#FFD700
4.919987552143625,-0.04690783196903603,-6.30822657224293,#FFD700
5.077584115679905,-0.1336371362940192,-6.182082136966082,#FFD700
5.2319477579743126,-0.4206153689155455,-6.05200154145945,#FFD700
5.3829801949833485,-0.07764037379928379,-5.9180676086385695,#FFD700
5.530585263657286,-0.21533747122665603,-5.78036561485663,#FFD700
5.674668983167625,-0.29469781386556715,-5.638983235608642,#FFD700
5.815139614745147,-0.3011218309243704,-5.494010489708011,#FFD700
5.951907720090387,-0.4406763552972982,-5.345539681971172,#FFD700
6.084886218319428,-0.40340623940253084,-5.193665344446664,#FFD700
6.213990441408682,-0.12980104440378348,-5.038484176226173,#FFD700
6.339138188103435,-0.23408273714348704,-4.880094981875731,#FFD700
6.460249776255758,-0.39707021000127996,-4.718598608526416,#FFD700
6.577248093558478,-0.23448274281420545,-4.554097881664531,#FFD700
6.690058646642971,-0.05716611049939291,-4.386697539662111,#FFD700
6.798609608509419,0.28772357600245924,-4.216504167089534,#FFD700
6.9028318642593804,-0.335620540821287,-4.04362612685265,#FFD700
7.00265905510159,0.20738354098316503,-3.8681734911975836,#FFD700
7.098027620602893,-0.42837284844591794,-3.6902579716272466,#FFD700
7.188876839157456,0.4867629231214474,-3.5099928477741242,#FFD700
7.275148866648519,-0.23840494550736813,-3.3274928952745753,#FFD700
7.356788773277994,0.2659048601382952,-3.1428743126906715,#FFD700
7.43374457854052,0.25923631649297063,-2.956254647526058,#FFD700
7.505967284319702,-0.2974881376806383,-2.767752721382875,#FFD700
7.5734109060854315,0.11396674629002213,-2.5774885543075152,#FFD700
7.636032502172441,-0.2831228032133145,-2.3855832883733266,#FFD700
7.693792201121477,0.39752677387552504,-2.1921591105488543,#FFD700
7.746653227065632,0.3046807107595355,-1.997339174900855,#FFD700
7.7945819231457065,-0.46065202722868337,-1.8012475241815546,#FFD700
7.837547772939694,0.4550190402380586,-1.604009010850013,#FFD700
7.875523419892726,0.23712375332606983,-1.4057492175780084,#FFD700
7.908484684735108,0.4296565939779372,-1.206594377290993,#FFD700
7.936410580877386,-0.21179312579460585,-1.0066712927949624,#FFD700
7.959283327772593,0.0022142207451548712,-0.806107256040553,#FFD700
7.977088362237216,0.10334660011544439,-0.6050299670756558,#FFD700
7.98981434772363,-0.46958493858616157,-0.40356745273823397,#FFD700
7.99745318153814,0.23255647597855955,-0.2018479851410023,#FFD700
8.0,0.3607120027007764,-1.959434878635765e-15,#FFD700
