X,Y,Z,Label
0.5889813910952324,0.6125694533866042,-0.13055661714381855,#1e9e88
-0.9252777573673577,0.14061981820417072,0.5211192491736668,#2c728e
-1.0409062747231306,0.3782664705982067,0.7074533772416054,#2d6f8e
1.081360528439319,0.24857490623022632,-1.5259266754378478,#4dc26b
-0.7990121249753356,0.9952863540772644,1.5808947620138034,#38578c
-0.016819603515858955,0.3755469912967536,-2.0750069653425367,#95d73f
0.8430226868214153,2.0510038647659457,-1.4182608485797248,#4bc26c
0.7371051757734726,0.24180832288151993,-0.2831072594491906,#1e9f88
0.8041699730814575,0.701086795429405,-0.5816884102161247,#29af7f
-0.17550298910477477,-0.1205002666014322,2.1182238384934964,#433a83
0.5471134645565323,0.5455692350392316,0.03111682794733578,#1e9f88
-0.2847744337344875,1.3952752461942903,1.7818417285104238,#414286
-0.3319958332009273,0.7052572785973502,0.11127623313828189,#23888d
0.34081837019872524,1.6190545421027243,-0.20377436411271987,#1e988a
-0.7626058982248165,0.04976854416253611,0.3365604775799453,#277c8e
-1.1234788396648974,1.5993281629270675,0.8071841242954206,#2f6a8d
0.923277639876159,1.1189248419358755,1.4968006336041275,#471163
-0.2048298295833329,1.0883301931459763,0.09347822590806114,#228b8d
-0.6452606720760917,1.6379223838395587,0.4455183026354861,#287a8e
-0.3247021969550719,1.3323130409475628,-2.010343495851455,#afdc2e
0.9924970336065004,0.6378066178399262,1.5708365891129932,#471466
0.3494401245376353,1.746622875929716,1.8447954176736139,#472878
0.9202793611610435,1.5084922911977678,-1.0893902736615706,#38b976
0.898062847899344,1.2049963222337845,-1.6368792709811648,#59c764
-0.676819055382524,1.5859162994966067,0.2860483245683398,#29798e
0.9347202892504024,1.7936071724124165,-1.5836208405792953,#4dc26b
0.07106566433044846,1.0674919001120875,-2.173912492345795,#8bd546
-1.1392544273458547,0.38599340261094917,-1.4322456074158818,#e7e419
0.7501767986429347,1.4638182375861708,-0.5849504549112489,#21a784
0.18420150642074587,0.9953071669572113,-2.0858154561368605,#81d34c
-0.21492319214676148,1.209543341811627,0.04993485266394965,#228a8d
-0.7320355647851624,1.265394588458456,0.29905228298131975,#267f8e
0.14259136548343368,0.2048382105979384,-1.6013732878536469,#8bd546
0.7365788664979159,0.7351515533133863,-1.3989156937844331,#55c666
0.6106691910308136,1.2772485519570933,1.688308140171846,#472676
0.7040489896200505,1.4295509315546107,-1.40572558641943,#49c16d
0.9343260214986511,0.18733273248761725,1.3039527010627308,#460e61
-0.36392409845514107,0.8812873762359077,-1.9327609220064526,#b5dd2b
-0.8685787812875301,-0.03589289232175072,0.825909561285356,#2d6e8e
0.22400777895602975,0.8412374238425759,0.05053400490132841,#1f948b
-0.7133469874379796,0.8047084280422032,1.653441947130281,#3a528b
0.2983684939260732,0.8362825690763047,-1.8749803590946457,#7cd24f
-0.06625616607273521,1.189275402480776,-2.0760659059685467,#8dd644
-0.8981351045774781,1.2887750637988542,-1.3589766773867258,#dae218
-0.5529787402496382,0.539530348376636,1.6834594757796497,#3b508a
-0.08197783295245525,0.34884205551354724,-2.0636598435254823,#9fd938
0.9252900394959315,1.9326841671707258,-0.938946003706189,#33b679
-0.7811876301347518,1.705887097742688,-1.7693317162707904,#c5df21
0.7368209489346121,0.6837641632207336,-0.35075542783437264,#1fa286
0.980560731271515,0.03930464942585643,0.9428080349816002,#440154
0.9847801895750589,1.1628759118898158,-0.8395527621665685,#2eb27c
0.07687453545680797,0.6327371661912713,1.8598652461345284,#453580
0.8840038420277534,1.1607468951276678,-0.9071925045062762,#33b679
-0.7769403563117331,0.5672843020778496,0.2647526817827731,#287a8e
0.4818044474735761,-0.02914000809974067,-0.06352457221795405,#1e9c89
0.6176176148413176,1.6619997960325341,-1.7710659449930448,#5ec961
-0.8817025921863946,0.7545228274716078,0.7432079845038376,#2c728e
0.6411235766433871,1.0786460960717892,-1.8009988122559963,#67cc5c
0.6221061601127122,0.1449356853584667,1.6548434649540746,#482071
-0.6715914893740955,1.055419154589316,0.047807655037046204,#277e8e
-0.48066858580492566,0.038648212805424575,-1.940539611815984,#bdde26
0.14030672234104694,0.6863237130219171,-0.12449069036340038,#1f968b
0.4124561267993897,0.496095028099226,-1.8026127977487565,#6bcd59
-0.9409252505742349,1.9036573066100049,0.7908731191576064,#2c718e
0.9756590153193843,0.19098345060268784,0.9511983827100955,#450558
0.32872262300361377,1.7342826233982584,-0.07733006352623592,#1e9a89
0.5792020613569843,0.8138530391246733,-0.1101167384922145,#1e9c89
0.9254703927389123,0.7891861170133321,-0.556160505761097,#22a784
-0.6758902120943608,1.9352574077919114,-1.7696243968240388,#cde01d
-0.8307518504010603,1.0593745714658183,1.506378364442337,#37598c
-0.609169050232845,0.7852009168715379,1.6487287013341219,#3a538b
0.222140016940298,1.942943930710347,2.0479235168873857,#46317e
0.78282343845464,0.6636263100142218,1.6072382116985824,#481c6e
0.9888958355235296,0.20484693232801704,-0.696514654235849,#29af7f
-0.8318847226458242,0.21993584876330213,1.671957218837917,#37588c
0.05569885039737667,1.0431584721945302,-1.9254370461055537,#95d73f
0.8486727177112139,0.8504304258248232,-1.8048363579800462,#69cc5b
0.3338618038871751,0.7655147721466041,1.676851969935322,#472b7a
0.8656910754875295,1.2990683828907879,-1.3729913015108892,#3ebc73
1.1165575373094216,-0.0013571119845474065,-1.2898261951889693,#3bba75
-1.0686716964261842,1.0293291682038126,0.6708746856393775,#2e6c8e
0.4982576611527686,1.8536862307131907,1.6069934249494782,#472575
-0.7630217235799618,1.4164968940189584,-1.6041019901476896,#d4e11a
-0.5707037226743062,1.1852145646237593,1.6476923577786693,#3b518a
0.7501801732537376,0.811896901107305,-0.34042760564354857,#1fa386
0.9400133814633147,0.9532503043822802,-0.5241042907362076,#23a982
-0.16717510784153797,0.2648927691647308,1.9562368765960818,#414186
0.360185685764512,1.6840314032096446,-1.918411853001308,#7cd24f
0.6904124183635352,1.0432450601927632,-0.29258564532971115,#1fa386
-0.7699757809975599,1.24044280362595,0.5187256696481732,#287a8e
-0.7956874441192079,1.9029517205229294,1.5048786051407554,#39558b
-0.7972195015426615,0.11856183925617325,1.5396441257783662,#355c8c
-0.0170162776363436,0.21809160720551887,0.1292551405911298,#218c8d
-0.9458085732581841,0.06541221022743002,1.0464655441684974,#31648d
-0.7583338697027089,2.134570844981405,1.8718566195982385,#3c4d8a
-0.16792719761644223,0.3999840852459334,0.16171409309716345,#23888d
-0.6389286473519351,0.501142440492415,1.870893206411397,#3d4c89
-0.883241514795381,0.964933841781699,-1.5198865425202954,#dce218
0.6715388498421933,0.7859492531559622,1.5557947689711153,#481c6e
1.0889395142816705,0.4464354173911309,-0.7679503301908073,#2eb27c
-0.3275394812377071,1.589558827831793,-1.7603161638136762,#aadb32
0.9505870154314529,0.8721830192808457,-0.45190490091494656,#23a982
-0.053947023003340006,1.5888449462468683,0.1829164818893474,#22898d
0.8478468139599791,1.0375210903157523,-1.5811129588679678,#4dc26b
-0.8040590636884437,1.4085241937629884,-1.629772465691724,#d4e11a
0.8300104270786379,0.25233962111995845,1.6413634886120336,#481a6c
-0.2316192118670236,0.6365982034414007,-1.8223797332833902,#a5da35
0.9292202982369676,0.10475912131139176,-1.4176392872514765,#4dc26b
1.067783259951439,0.8041528660257542,-0.6395092824884825,#2fb37b
-0.9578388791681166,1.550864929288118,0.6761360489574654,#2d6f8e
0.7229576039639581,1.9078020893809418,1.7912949818049682,#481e70
0.3529488856317191,0.20360154399451352,1.9250223759170428,#462f7c
1.1379014575482453,1.2343406256320668,-0.49931202470714264,#28ae7f
0.6585433695158168,1.6339884995825025,-0.31488793601811177,#20a585
-0.9656315445797391,0.7067143373577259,1.0587475189143734,#31668d
-0.7092510760590206,0.7359346228060105,1.619283763623347,#39548b
-0.852428084737755,2.113903329531306,1.615676611573382,#38578c
-0.32044122127300523,2.0208050249695724,0.1816290041511421,#23898d
0.5947468623329026,1.5829292980180378,-0.26488346688404923,#21a784
0.7357065605221709,1.1371185241825938,1.6134615966065944,#482071
-0.7762097838407285,1.833164445689264,-1.3419256183226118,#e4e318
1.024344782535418,1.8566141077869016,1.236621840223236,#440357
-0.8223756232011833,0.1933425680573687,0.37060074063342896,#2a778e
0.9204728441837102,0.8293691082809856,-1.1487901198784825,#38b976
-0.39821499988587566,0.7086769812850788,0.31429204060243043,#24858d
0.006630903921405373,1.8716858394676805,-0.09646215904468122,#20908c
-0.8220062625873714,0.6514066866972169,1.3778289201608496,#345f8d
-0.7403641228252856,1.9889699113613346,0.24666687692086914,#267f8e
-0.38091643878467124,1.4717743336008366,-1.9364960142549514,#a2da37
-0.0021355501650168265,1.0730887441106043,0.05479734277176033,#20918c
-0.6322989935552837,0.3795213630701758,1.6908581537312106,#38578c
-0.35948786748765726,0.612546095165014,0.10915461152050839,#228a8d
-0.6684784289082666,0.039666919946982515,0.16927751802589713,#277c8e
0.9947284816302424,0.1613436394429826,-0.8881297027183415,#32b57a
0.003289924978292419,0.3369473013113079,-2.0956813844803936,#8bd546
-0.9865350147537997,0.7218520852140418,1.0219967885053796,#32638d
-0.6914689384023425,1.6944979265395208,-1.4542489303564208,#d7e219
-0.9273684986849035,1.7554776019621434,-1.0650704173559171,#fae622
0.03694048388145252,0.6154049397464203,1.8775632445779311,#423d84
0.8674874865346861,1.1605879012575055,-0.9743596084010882,#30b47a
0.8355108208719755,1.6620056400735093,-0.5233114295356653,#25ab81
0.5272375413167282,0.9957380437863927,-2.0356541319463313,#6dce58
0.8062540980522781,1.8392769930493236,-0.43792562376858857,#23a982
1.002679030489966,0.3295418042387886,1.1163939132401568,#45085b
-0.5504729391456262,1.1379718538294097,-1.9166099701524157,#a7db33
0.22521382394006728,0.023915903178025673,-2.0502840740012123,#77d052
0.37279693670686537,0.5861847429872774,-0.025482225105285042,#1e9b89
-0.8134131199053303,1.1017662895560756,1.6329398763485983,#37598c
-0.8255340824583115,0.32929651656168646,1.7253181126597497,#38568b
1.151525869883011,1.444181109179074,-1.0920240704717914,#39b976
0.7238877144078067,0.4311555719644411,1.6328933622349109,#48196b
-1.0178084107162166,0.43130564900649576,-1.2731941311150272,#e7e419
0.5451033829643359,0.8635772762326646,-1.826452453533532,#70ce56
0.9064508472363866,1.7534013037432112,1.6805228473391085,#481a6c
-1.01052695853636,1.7746273936561259,0.6760003767483906,#2c718e
-1.0555109610352453,0.17529769896788389,-1.1170952745289375,#f3e51e
-0.9638185350136013,0.9409000264215005,-1.4021492576236863,#ece41a
0.4257323917750821,1.5864560607673874,-1.9423069872871748,#72cf55
-0.8986216594292445,0.3488092849185187,0.9466613078269727,#2f698d
0.9226715658159041,1.588500172594809,-0.3683522188145871,#25ab81
-0.1908927936520637,1.043186369538088,2.0463049394111774,#404487
0.7016755807670866,-0.04502798905923894,-1.6339315652773192,#5bc862
-0.4394825922298246,1.2848635038604324,-2.0315739119053693,#addc30
-0.8100539318193721,1.2456716343189378,-1.6723066621217009,#c2df22
-0.9381912786530272,1.4054333101631047,1.3764448130230815,#345e8d
-0.3125814690414068,1.6636109337673726,1.9540974292094637,#404487
-0.839002628822769,1.7214663341227117,-1.3336493828647074,#e7e419
-0.7288659192280487,0.8490131806496906,-1.8030429054870418,#cfe11c
-0.5982732933093843,-0.035399949072303455,0.3088714713859542,#277d8e
0.2760609633969213,1.7674409807273783,1.8741691919161152,#472a79
1.0942038567021128,1.5484525603287136,-1.1530778065505036,#3bba75
-1.0685168563754746,1.4259252758477672,1.4361985094361251,#37588c
0.794578150492314,1.123970891663319,1.611325888989413,#48196b
-0.1627617553874704,0.1769464591324253,-1.9481129403397817,#9dd93a
0.5463857622420717,0.6687779456440183,-0.3589000113298272,#20a585
0.8239403473157147,1.0476633611653217,-0.24633396726295248,#1fa386
-0.9826433152698222,0.11561159952140579,-1.1771974598761794,#f6e61f
-0.46609864387370853,0.5440509139040539,0.06658551753870944,#24848d
-0.582671398728445,0.8312237147557339,-1.6025507296546868,#c5df21
0.34418069913710814,0.564300085931342,-0.05758629899415238,#1e9d88
-0.7100423623116563,0.03589386930293246,0.5983387785248836,#2a778e
-0.8876067251703599,1.1223413136290175,0.7670804863806293,#2c708e
-0.9923627946129663,1.11704021788307,1.073068041671403,#30678d
-0.9908236268855932,1.771144617404964,1.3459346016336224,#32628d
-0.41730396467336606,2.019560846823608,-1.9186590503902523,#a2da37
-0.9079657654452462,1.8739062979879129,0.43330376957148264,#29798e
0.9369506046371652,0.9527527295437611,-1.653041584936706,#53c567
-1.004797190803257,1.3991011217012654,0.5865325978321339,#2b748e
0.937386243254526,1.2630415236005643,-0.9008703726294012,#33b679
-0.6899694959358387,0.17030497007507783,0.08632977260846719,#267f8e
-0.829875708732333,0.8221164703741755,-1.8033052333339474,#cde01d
-0.9248307634823214,1.9972231256324415,-1.3366901975636778,#e1e318
0.42491333716555246,0.34111408118623276,1.777520629714886,#472777
0.8052942565876747,0.027863972414046062,1.5690709834448024,#482172
-0.8758265540100226,0.7412060652135315,-1.6090367843538103,#d4e11a
-0.9706391362973523,1.6377356046860496,0.6282498516353258,#2c718e
-0.989727624960588,0.313639936266289,1.2973149939568667,#33618d
0.7086341460926825,1.6628665646358018,1.5643638345326814,#48196b
0.044079960919719316,1.402630952874683,1.907171668823632,#453580
0.7432730961876237,1.2722847451478068,1.557874659984869,#47186a
0.6852820475538923,1.582136768284324,-0.6446072590458257,#29af7f
-0.5754642030376081,-0.02066406538871564,-1.6328400468538635,#c2df22
-0.9883281054762276,1.4872441026426444,-1.5177887833197166,#dfe318
0.5907724165795404,1.4322819392153896,1.7770702166167243,#472676
0.04209544749720115,1.5830195806816354,-0.08918719605533586,#20918c
0.7686269243531438,1.3197786913438514,-0.3929458562311524,#21a784
-0.7997473620606437,0.4036718017870836,0.5772787800683475,#2c728e
1.121395043506596,1.7120764591941982,-0.7328518269891682,#2eb27c
-0.7785859857863322,0.2737719739251383,1.708741225962194,#3a538b
-0.215369722119229,0.5833920123563842,-1.8959425342357614,#8dd644
1.0113520262590134,2.023556450099631,-0.9291597522199084,#2fb37b
-0.46245358409119575,0.7627374448548939,-1.7494908123145392,#bfdf24
-0.7882197476224924,1.760324467227345,1.510090465932862,#3a538b
0.5432836616525969,1.214702010356343,0.011097024809021735,#1e988a
0.18597585009862946,0.44890979054959995,2.089028145645306,#453580
-0.6538132887431617,1.4317513410484637,-1.685583320577368,#d2e11b
0.1279239311619245,-0.06735607149741679,2.105938965840811,#443982
0.17322077155417304,0.03791970312905229,-1.909239081731611,#90d643
-1.0173450798515966,0.06765387082537379,0.4790026273736417,#2b738e
-0.9142068070865915,0.28365562973169867,0.6893947691408475,#2c718e
1.3108058198201857,1.0232235029085324,-0.752643808711436,#30b47a
-0.8138267030671136,1.336291528658771,0.6417303701689637,#2a758e
-0.7809799070123139,1.818758229826645,0.3968355710021607,#2a768e
0.8026737295327613,0.762761743834586,-1.379851013070438,#49c16d
0.9418607925429685,0.12363040019472445,-0.9009584177668477,#3bba75
-0.35923615298913325,1.8194190628994387,0.04133588329653777,#23898d
-0.7359356125642265,0.4258611083864401,0.31040969126823376,#287a8e
-0.8502733161654196,0.21711841240113747,-1.5746891939867518,#d4e11a
-0.9485655973339914,1.5498653038733372,0.6590916802065611,#2d6f8e
-0.4214734106263244,1.6449558866860416,-1.994612619985666,#b2dd2c
-0.15186409644496318,0.461121847207144,-1.9884776236614257,#97d83e
0.4809474294494664,1.5397155065034798,-1.941379665260986,#72cf55
0.576125321284187,0.9102450709672821,-0.11423542809517284,#1e9e88
-0.8326606325281192,0.30628855559821133,0.41464117654387034,#2a778e
0.4573481718246435,0.11209537121862868,-1.7120621147936934,#60c960
0.9062656676109447,1.2418998945067856,1.3786051727415702,#47186a
-0.20114552420732906,0.028366906390846963,-0.015751784814184967,#22898d
0.9100653505808298,1.190892792460168,-1.5728095235835884,#4fc369
-0.6536681408257277,1.5314079630803978,1.73378454388487,#3c4e8a
0.33701140998993867,1.4555034541184346,1.94797378522117,#462f7c
0.2191331108797001,1.3317151775584835,-1.8982717670414642,#77d052
0.21007204997119922,1.9188571226042113,-1.7921669431601164,#83d34b
-0.9455348168404042,0.4362996494384803,1.3611527012229967,#345e8d
0.5677979729853966,1.9000750113194997,-0.2303246910563873,#1e9f88
-0.766119169158126,1.5912330294507433,1.692450607082782,#3a538b
0.9581027148514801,1.2886511289782558,-0.85871918664307,#33b679
0.9109197580112264,0.8321443510856147,-0.6798748124731046,#2ab07e
-0.6547022175312326,0.8316101591733456,1.5873243237235106,#3a528b
-0.9108579881727227,0.14586772667043435,1.2282881236650214,#33618d
-0.8991788944096296,0.1461625207141774,0.9036848415523263,#2e6d8e
0.5665021380920341,1.4030408404364292,1.92872726556538,#472c7b
-0.848893231184233,1.2396882104605071,0.4941047092283795,#29788e
-0.7102271682853293,1.2722357248660325,0.10024466038313062,#277d8e
-1.0456249438858414,1.0120955677832728,-1.3761518442789444,#dae218
-1.0458144114765133,1.7784256061078985,1.0838305860924173,#30678d
1.0838546767307564,1.0219953088592728,-0.8753080879518901,#2fb37b
1.063777620966467,0.22247799709856156,-1.1574818027953109,#39b976
0.670114726579178,0.9107730984743311,-0.42452372908923147,#20a485
-0.47725118381527815,0.5014815310012115,1.888705979211756,#3f4587
-0.7391954194807587,0.4032637609258474,1.3623576653235006,#39558b
0.01456701960543984,0.2413477178465826,-1.7856616677141868,#8dd644
0.32731502280339875,0.899642755294296,-1.8292817808040585,#77d052
0.5093319156812812,1.324915736532864,1.8570202518609968,#472c7b
-0.9025713787837133,1.7043487816924645,1.482775197730325,#33618d
0.7526862142746646,0.7095864711037526,1.545255952535193,#481e70
0.23747016359905881,0.12068012431376486,-0.03775988807092935,#1f968b
0.718186053545368,0.40889108670021335,-0.4055284864498319,#22a784
0.37431707901977834,1.2138765385116193,-0.24427363763849547,#1e9b89
0.8274436895283331,0.8551333282509836,-1.0176273933520554,#38b976
0.8247836779187733,0.31257893116445995,-0.7870354955007491,#29af7f
-0.9993166308172873,1.1861058220385046,1.3207947535225737,#345e8d
0.37761565392329965,1.8423831176352814,-1.7384499117160217,#77d052
1.0506948898552488,1.1019833502101404,-1.116091024194744,#35b778
0.9651678617698062,0.8906537142413683,-0.986859109062941,#42be71
-0.7253149281049682,0.13066099784975535,-1.9963421731794366,#bdde26
-1.004021841633905,1.1729048394944064,0.6853693836027469,#2c708e
0.8790377965410819,0.9990891256286275,1.7184778683658133,#471466
0.3082223066099478,1.4577783207604371,-1.9361448466216367,#81d34c
0.21877305896104537,0.7537491198485662,-0.14409225281137594,#1e998a
0.88446632169962,-0.004342627218658746,-1.5277155567496814,#51c468
0.4532230236609223,0.5310158223699282,-1.7954113660484707,#67cc5c
0.17644284089222342,0.5244519894922084,-2.0224444275292925,#88d547
-0.4338813175873862,1.4353761834650036,2.0328445320257287,#3f4587
0.37416218321388484,1.7676033753379725,-0.07412229415485126,#1e978a
0.46408894217161945,1.805224292877305,-0.1276145050380676,#1e9e88
0.629751472059849,1.2117460283767336,-1.8792481242131056,#60c960
0.9721455893241365,1.5366743489207433,-0.9158783873752829,#35b778
0.5699486155808348,0.03805393097589917,-1.882754482697675,#67cc5c
-0.10537348665094785,1.7616031964680625,-2.0531948929154837,#9dd93a
0.505408607692939,1.3911101665906407,0.23286208710472112,#1e998a
-0.07185888478402676,0.8205676953111198,-0.035676572675480946,#228b8d
-0.8517944769190012,0.9809045131504444,0.47192763893855644,#29788e
0.5693832136506127,0.12215451062162044,1.8205955042355284,#481e70
0.6183253127978258,0.25151541786062037,1.8865443491080962,#482273
0.6984876739341862,0.847519875104673,1.57864141357741,#481a6c
0.31388545790939293,0.18992771885986412,1.8123285270936564,#472575
-0.39709332170692224,1.5675081781787745,-2.003651036827636,#a7db33
0.36443183911262234,0.5854341934509013,-1.9414380263495217,#86d449
-0.515087836768119,1.4077167503528862,-0.029844790013163924,#23888d
0.9903277608609994,0.38289236795095716,-1.385097821430909,#45bf6f
1.067661816002191,0.2504355116413837,-0.6596668144585465,#2eb27c
0.9080330642118578,0.2752840479001486,1.197872695576005,#460c5f
-0.3030076712987987,0.14219716698739293,-2.0528878416346745,#a7db33
0.8388900143590337,0.14744298468503342,-0.37068192519457416,#24aa82
-0.021636911656953493,0.8772117315795578,0.05476112046493379,#20908c
1.0045105824420915,1.8690673162329188,-0.31622766140686415,#22a784
-0.5937566431802431,1.7006010574674084,0.5151066540519762,#287a8e
0.42976263270145765,1.6821396423293231,1.9733998820694778,#482374
-0.015901672732628158,1.2725152778541973,-2.2830736586816194,#90d643
-0.006032430663631967,0.987039875499663,-1.870265071490546,#90d643
0.7523714297290214,0.4541736945652264,1.6644131349613218,#481a6c
-0.2800509542495021,1.4746208462235744,0.1458572672997399,#23898d
-0.5137790534054718,1.7371013736205876,1.8176656968068488,#3e4888
0.9056670606426869,0.07971172646306984,1.0922450232360703,#460b5e
-0.4347881123372653,1.7249894428920833,0.24255942882884185,#25838d
-0.6331783126218925,0.031573030152743375,1.6555838533610978,#3c4e8a
-0.4851220265168981,0.9979076474802967,1.9624137571168971,#414286
-0.7646972210835985,1.266040137222555,-1.5784266372055993,#c5df21
-0.8595994774879189,0.11517762785426439,0.6833625078207737,#2c718e
-1.040501016895436,0.4914286185948921,-1.102723983561659,#fde724
0.5324594550791669,0.03896555462929163,1.6826762498926382,#472575
1.1371235884395527,0.2987283328592911,1.0157611669666,#450558
-0.2931343167397231,1.751272248314292,2.0524075733327667,#3f4587
0.6182855603992063,0.9689528437771137,-0.3898567294969174,#1fa286
0.09333192001930056,0.7275143348463945,-0.006249710499608069,#218d8c
0.9767740072545569,1.2884953849041634,1.3563353240907166,#471466
1.0243441424354107,1.112279623557563,-1.452516561635725,#47c06e
0.13724824556017817,0.795095115326104,-2.064015629043668,#83d34b
-0.7845362419804666,1.591636692089398,1.123681092802721,#345f8d
-1.0366613651981258,0.46133434181743344,1.0207690356375283,#31648d
-1.0788274426432787,0.16506326444709546,0.9425965289700334,#31668d
0.04867884791948984,1.5803588375102045,-0.047136517627980365,#208f8c
0.7499113844020185,0.913152004130448,1.64191337904722,#48196b
0.49570765885439205,1.1151203120056137,-0.06752113668655535,#1e998a
-0.9820295253813601,1.8217989911327694,0.9460535989523843,#30678d
0.7576634365026489,1.2143738163514883,1.4658891624260986,#471669
-0.22955089767579484,0.010435273974656933,-2.1835515964325953,#9fd938
1.0557683119307821,1.504850156711989,-0.7811856704175298,#29af7f
0.4410344284213749,0.7398996889533895,-0.13432586649593067,#1e9e88
-0.00375535532831334,1.9856362916829127,-1.962798370481449,#90d643
0.6356020747394295,1.5858979594366207,-1.6714925943484433,#57c665
-0.9610411196962241,1.3664008795532152,-0.9738211742030061,#fde724
0.17749462143937939,1.3209616787257439,0.09801072035513157,#1f938b
0.7677355701036549,1.4479760230848702,1.6781558921559179,#481c6e
-0.8654667394842748,0.21921368079395398,-1.467358605027413,#e1e318
-0.17643027661351826,1.7475961773408184,2.1281716662562182,#423d84
-0.8526481156909884,0.7494787866896948,1.0160237045113667,#31658d
-0.3519652901062438,1.590480493949126,-1.9298835162740358,#afdc2e
0.5338713357384924,0.08843083669782223,-1.9012104734198243,#72cf55
-0.37323241223721787,1.2232310799062622,2.1225662593013417,#414186
0.504284045361216,1.5693779978977167,-0.21495646573614458,#1e9e88
-0.5368951328618699,2.0210847142267565,1.7320292641989812,#3d4a89
0.7759741533893691,0.2651059018408075,1.8328912987336305,#482071
-0.0771285049080669,1.1905756948589434,-2.0309774647072767,#9dd93a
-0.9667204004964215,0.723087804659016,1.372990298218338,#345e8d
0.43313851908596834,0.6746518188768967,-0.022334511100436806,#1e998a
-0.13324703422255213,0.7302011833282325,-2.1086761565020127,#92d741
-0.997060666408656,1.1122326686788653,-1.307873673425321,#f1e51c
-0.8463093211592763,1.9802251351212767,1.5273865715614636,#37588c
-0.9139495447872638,1.250525094013298,1.3452355390485307,#355c8c
-1.0181186271352398,1.3187217067483514,0.9951156973453466,#31668d
0.9054018737070246,0.11624567607111849,1.513253220328432,#471466
-0.6973779724263826,1.752147741212038,-1.6865166809581273,#cae01e
-0.9155163565704002,1.0054783928993347,1.32408993496016,#365a8c
-0.6327817189578371,0.2688630141798818,1.7606618636832052,#3b518a
0.1766512347752413,0.9949583031671936,-0.05292439245319969,#20918c
0.9705987298984186,1.5542990834638657,1.5387316195734582,#471265
0.9175645395948577,0.380593125140246,-0.7212294513264241,#2ab07e
-0.7835559234289716,1.1784010878435929,1.539361414046026,#38578c
-0.9751524905420456,0.17356976299838095,-1.3365725869495082,#ece41a
0.7381242528231554,1.1450341098394476,1.569211439723561,#48196b
0.873183126394051,-0.009383272821616565,-0.41443949012485304,#25ab81
0.8958521012084152,1.8724410915755207,-0.9060755560666258,#2fb37b
-0.8774228035463253,0.4152474953884991,1.5214821610691047,#38578c
0.4254886470709755,1.3433060061325213,-0.1898553893330181,#1e9b89
-0.0650059017365267,0.9674212059303771,2.167933128556286,#433c84
-1.1059312275000623,0.4236099723824719,-1.0567025128476053,#fde724
-0.41589637862944495,1.47809560554352,1.7465526852192057,#3e4989
-0.46540304988214276,0.501125428134723,-0.07043026618440054,#24848d
-1.2280772446898787,1.000383899324244,-1.3911742397341103,#e7e419
-0.4490694936881889,0.2928495529113334,-2.0632574142787834,#afdc2e
0.31406870172702384,1.241564169314906,-0.04337602334095843,#1e978a
-0.7183740159167584,0.309677561764517,1.7444273764161076,#3d4c89
-0.9179808776752636,1.730615829144716,1.4263267012825986,#365a8c
-0.1675855074670191,1.436415841146489,0.20636393087976923,#22898d
-0.6721504888893347,1.1943962234667622,0.47049183076010165,#277d8e
-0.8072974123890977,-0.03753784889902194,0.4669782293316126,#29788e
0.882600458220184,0.47166119233719594,-1.4992368137707717,#4bc26c
-0.8033364210690882,0.8198402093116942,0.22677348508671835,#277c8e
-0.9607906765264053,1.131440470568391,-1.537061113031976,#cfe11c
0.10689243648140404,0.6979324542183178,2.063845942902742,#45327f
0.9787113297967391,0.17729299840744797,-0.92446301174657,#32b57a
-0.3297695310727854,0.4850251299666944,1.8971613346744303,#3e4989
0.654334669429084,0.9700929604124776,1.6574888712121174,#482071
-0.9375318196658173,-0.0005552668726981312,-1.403044745813382,#dce218
-0.1546919288602714,1.1492599320931796,2.2501237214851173,#433b83
0.5888676158336619,0.6690443736613851,-1.9212811916129724,#6bcd59
0.9481548532878677,1.8193631359616254,-1.3215589269280057,#47c06e
-0.13378692135462092,0.8283632984928391,-1.9254862317613948,#9dd93a
-0.6679493957127133,1.094695102587576,-1.6004729535415227,#c5df21
0.6412694806077858,1.6312296970700935,1.8634095801280082,#482172
0.21795897230027828,0.6872175130626296,-0.03367139503328816,#1f938b
-1.0501230506763686,1.6471754038163313,0.5800908968421723,#2b738e
0.9020916925244393,1.2611777358307088,1.2060410072909005,#470f62
-0.1927943902229405,-0.034225826256367956,1.9843121610528818,#433a83
-1.0885820763653287,0.6416392062033974,-1.0088897151685612,#fde724
0.3053728932445134,1.9599421294567343,1.7208354708403326,#462d7c
0.6062107240310223,1.6910337898545518,1.6076195941218512,#482374
0.5747514965983347,1.02649776961359,1.8524684363673953,#472676
0.8227895276680045,0.42444241019783496,-1.7216925775509435,#55c666
-0.8430286201426033,1.2260412612201315,1.5442833625598942,#38568b
0.8872380705671782,-0.07714031366221685,-0.7542839433122819,#27ad80
-0.814576170794003,1.7497637587705528,0.41185756049454814,#2c728e
0.8989710887415119,0.22338237531067798,-0.7712474719936415,#2eb27c
-0.4982235409809304,0.307928590556489,0.016454413656813605,#24868d
0.01888595023450433,2.006649321643388,1.8913413342942336,#453681
-0.9766624847561713,0.9092056291038555,0.818495150256758,#30688d
0.983082190695621,1.718740215393336,-1.5091478960084248,#4dc26b
-0.8261682469562904,1.7010154587817743,-1.938305543256896,#cde01d
0.7193699145519152,0.4573678565475487,-1.883183538452729,#5bc862
-1.115953216602592,1.3613668709545186,0.9470205700334409,#33608d
-0.8335285194061538,0.9493036348083667,0.21398755376172568,#287b8e
0.908546636060538,2.1324483633145666,-1.5512765244234294,#4fc369
-0.9316282008481165,1.102111194638261,0.6813417704889692,#2c718e
-0.9395773789896282,0.44686976900431336,0.4815549258119681,#2a758e
0.5610728366803136,1.6490727041642343,1.8235105735928128,#472575
-0.6281317938433334,0.8028496189016822,-1.830373826362593,#c5df21
-0.15255022611469368,0.9790005261972896,0.007787507323618555,#228a8d
0.7698257783329107,1.7222303130253591,1.4650789831024364,#471567
-0.8411353812911742,1.5966794575814947,0.42303700612176554,#2b748e
0.6421968474157911,1.0872329606438937,1.8022774337218246,#472575
-0.7382239931244005,0.18516983345425198,-1.972127306536893,#c2df22
-1.05054653807682,1.7815156010439617,0.8966449038091717,#2f698d
-0.6768016281903813,1.5072281825077178,1.742070431701397,#3c4e8a
0.18102113950245097,1.19195511321758,-1.8510843641983055,#83d34b
0.8936340058215957,1.1039249737041028,-1.6480881962389056,#53c567
-1.0094382266257205,1.931060442952219,1.064475063523252,#31668d
-0.518929866966797,0.7637398087288736,-1.8337035141836822,#b2dd2c
-0.9994618175290754,0.18566927181615842,0.8241664171330819,#30678d
-0.268030991886022,1.7713082516238445,2.0299998996840163,#3e4888
0.4050136811063706,0.2546148919928551,-1.8662870054897833,#72cf55
0.7702501058831775,1.1674246538239461,-0.3360415746051668,#20a485
0.7641670858888703,1.3525594547349997,-0.3608719587816877,#20a585
0.16209512621981498,1.6049953370105696,-2.0733077633499213,#88d547
1.0583125474624842,0.39659100942398895,-0.8257777433766618,#2eb27c
0.9824404470402546,1.6440195095703523,-1.5560399581269013,#55c666
0.8020204591840316,1.543310957904426,-0.8390102622889741,#30b47a
0.14277008899734103,0.45852991725654235,1.9013928431377214,#45327f
0.10576070522755003,0.9424506972995219,1.9682097626168717,#443781
-0.9458825138316593,0.4579869462428957,0.3479231139660814,#2b748e
0.011862352289736772,0.49522527993967946,-1.9193173869836877,#8dd644
0.9827920947181844,0.5915204862378199,-0.691654074346706,#2bb17d
0.9000854172939088,1.1214755263956833,-0.3539430942220548,#23a883
0.8610734819756929,1.6665402782723742,1.1854715369823936,#46095c
-0.35770545321812175,1.732631727233837,-2.01358656825724,#a2da37
0.2542486403951737,0.7365509323455924,-0.12067267588774902,#1f958b
0.06944877132517197,1.7268157462073108,0.19134676786010038,#1f948b
-0.22987381803002005,0.5628194728536865,0.028848542678651154,#218c8d
-1.0333971208646568,1.2938523305570868,0.8187674747879262,#2c718e
-0.21938400575897893,1.4121286053197897,2.0329718684173894,#414286
1.0243960774449055,1.537480746391867,0.9769693218309932,#440357
-0.10807106983056848,1.2897544225020732,-0.06651142754646411,#1f928c
0.7804781363335755,0.8509556694275324,1.7224622729313541,#481d6f
1.0246804188205823,1.0021358730568712,-0.6530258040935997,#2ab07e
-0.8345050398825649,1.5744091453072337,1.2452713390172128,#345e8d
-0.6267113013724473,1.135623644491504,0.24583469263841293,#277d8e
0.9604287285068399,0.6617223779835019,-1.4643804604141033,#4dc26b
1.0376761616750458,0.8547741348054463,1.1906553309648542,#45085b
-0.8722696973565247,0.26540801795557495,-1.3565423177438651,#dfe318
-0.7693450842175183,0.4075145553886793,-1.6300582439712035,#d4e11a
-0.8049949707266896,0.3566157156739064,0.5125763808074204,#29788e
-0.4918891208048696,0.6803872309414688,-1.7360932947054217,#b7dd29
-0.3714736745413372,1.3783165915267643,-2.103919050302971,#a5da35
0.37916122235240096,1.2896231554460282,-0.0365041179198416,#1e978a
-0.5751890521789901,0.341263576005845,-1.621371323951493,#bade27
-0.949613883273542,1.580098516746129,0.7071020744240267,#2e6d8e
0.8134519409230136,0.4966857042091142,-0.5015440648016022,#20a585
0.004464839567744239,1.0559393211797667,-1.9801489950256195,#7ed24e
-0.8716563090016995,1.4204951817138678,1.5859485891815797,#37588c
1.0128558202024585,0.5349971265211706,-1.1780674954181585,#3dbb74
0.055233946102070844,1.3614106871201188,2.1387262440507486,#433b83
-0.68331520374095,0.12987607846707,0.19011485409695572,#287b8e
0.7923655032732339,1.449310244825475,-1.3702945153959614,#51c468
0.016708762956742236,2.121923001347668,-0.042154755247768495,#20908c
0.12953977143028675,0.3314151963510915,-2.0388613999708123,#83d34b
0.6436936096441246,0.28008542724613605,-0.4439337031678267,#21a784
0.7947121503779171,1.0432169306943808,-1.8082312324877017,#62ca5f
-0.8760210961778161,0.5661111949681097,0.47505217509893316,#2b738e
1.0030211775581044,0.848524326037846,-1.218834879270395,#47c06e
0.8966682337442263,0.808091731430044,-1.448903140159881,#44be70
-1.1224031204170357,0.2994603589443575,-1.008407474535916,#f6e61f
0.9227578398429961,0.25169642451363,-0.755022020740008,#2bb17d
-0.6311194910059958,0.9570898587475349,-1.8824215887544236,#b5dd2b
-0.7243711122941141,-0.06503713088822755,0.2706652686874884,#287b8e
0.5200256462953381,0.19725885474400023,-0.16002392843246688,#1e988a
-0.08188629714426521,0.5838930851805544,-0.04981532888961745,#20908c
0.16238093310729224,2.1984907160018317,-1.9459852471339822,#77d052
0.7109695083554911,1.4197724841276858,1.648764318311035,#481a6c
-0.38544313920439105,1.5728972065402653,-0.06852047588647575,#24848d
0.5908088488260608,0.353637582166297,1.7406775324691282,#482172
1.0876940245406934,1.9028388546600754,-1.150684235079314,#38b976
0.10099244577325614,1.1533920587201036,-1.9885053017896341,#92d741
-0.03012896843216628,1.6734683977012779,0.04632545053709043,#20918c
-0.12336744214137123,1.3532188915064862,-0.05249875594219125,#228a8d
-0.8446712758334274,1.3344227524323757,0.46663669258397644,#2c728e
1.1017312782150208,0.21060535903133815,-0.8531203001055174,#2fb37b
-0.10137218830979408,0.9109924524121988,2.062592450193323,#443781
-0.9352471830599345,0.49916350804755993,1.0527844329965972,#33618d
0.7154020775980786,0.38014496943528786,-1.7285654891200275,#60c960
-0.7210076451932104,0.3666550322027838,0.46129914384179244,#29798e
0.5601565128443013,1.1291191546787367,-1.7346012851087609,#6bcd59
0.9507125372388023,0.6205093781895064,1.5923333605442949,#471466
-0.8054192662127146,0.5594209170723534,-1.3421974146302713,#dfe318
-1.0179736954434038,0.46277759675990066,-1.001031332693593,#f3e51e
-0.7816523239534391,1.557424768715205,1.603637897537158,#3a538b
-0.5241998607433916,1.9191839369329189,1.7876171589995953,#3f4788
0.2673654044911221,1.958262834780377,2.004296602338898,#46307d
-0.5825657134776241,0.9836615188109865,1.8701315100374447,#3d4a89
-0.3660726043604243,0.8411996989668884,0.06681695155108701,#25828e
-0.815966754136075,1.71729568096996,0.7439568260591917,#2c728e
-0.3871897197131007,0.6794234560159381,-1.8314603100157767,#b7dd29
-1.0619979986309214,1.6131704751446798,-1.241105238416733,#eee51b
-0.43869734983095854,0.9734320036224993,0.07706278262660804,#24858d
-0.6558799471131493,0.47861677379880013,-1.778934747731446,#c2df22
-0.5436329708491366,0.6780187650770965,1.7368198969808715,#3d4c89
-1.011124898939884,1.207723780538497,1.2846515024657805,#33618d
0.8448403681922813,1.8529927429681994,-0.4181228558438185,#20a585
-0.9660556694332056,0.8465607738847288,0.8983593987957779,#30678d
-0.9327522675806837,1.0208593306425087,-1.5436295156509716,#dae218
-0.006789098484200944,0.7569542708225785,0.06551660739507435,#218e8c
0.3807373036321961,1.9983403383442289,1.884648361493023,#472b7a
-0.6666113313700313,1.4498635002450166,0.45983612803148083,#29788e
0.30077640178031173,1.014814004367935,-0.02239425381010074,#1f948b
-0.7167807699225189,1.0974287804201868,1.3274900664630283,#365b8c
0.15629724466785588,1.762465896869884,0.03883371109534723,#1f938b
-0.464067560240052,1.135054377155121,1.8324343509433434,#3d4c89
-1.0119673680599925,1.8742252558343462,1.3776326284055165,#37598c
0.6633650463102019,1.4392496428939066,-0.46008732150385284,#23a883
-0.1103551194414312,0.40152405684320724,-1.9370922548334286,#95d73f
0.4923474314540536,1.5384556815325716,-1.7682433587148536,#7cd24f
0.7421561856505278,0.09305566453162506,-1.551390306756686,#4fc369
-0.7628504064333559,0.4908981581100442,1.8980196901601318,#3b508a
0.9600004596721318,0.4558743590894683,-0.6769035527297969,#2ab07e
-0.182530358422628,1.3976915498961198,2.020544824008923,#414186
0.06271412486554855,1.1646486573605879,1.9059018757266462,#433c84
-0.5464609500275073,0.22798734302241813,0.20530790514638356,#24848d
-0.8032431114081219,1.3395106452778085,-1.687665389173328,#bfdf24
-0.5428594169116066,0.20186297615531604,-1.9468108893941047,#b5dd2b
-0.14528916960798513,0.7004088021367766,0.0555467442135456,#228b8d
-0.5228138277452787,0.8691393128568702,1.802922029169563,#3d4b89
-0.6635444135163913,0.8692971470421634,-1.7702521806572353,#bade27
0.796748220155391,-0.052736035714632506,-1.7192099891712729,#59c764
0.6495070597704065,2.154031687361089,1.9431180525520495,#482273
-0.7743625460922796,1.0677914286861045,1.817320947102799,#3b518a
0.302630284444472,1.9540609986151658,-1.98087242199348,#70ce56
-0.4812878826625472,0.4139395830354576,0.0038874990213472738,#25828e
-1.1284631226793285,1.876569246616776,0.8541516033641637,#30678d
-0.8491250636776908,0.03777588236750406,0.4309138877705787,#2b748e
0.5294630787073568,1.0454240913653705,1.6163713410975573,#472575
0.4791203347096584,1.541709808705661,1.9990118349548367,#472676
0.7895955486018276,0.17514535078525179,1.6816552775539684,#481a6c
-0.5553618299419927,0.6218057658174165,0.42985221086620445,#2a778e
-0.24045564058680235,-0.04722218727992962,2.0594342729088897,#433b83
-1.0192578952917455,1.1191590426667717,-1.289067687926244,#f3e51e
-0.941798403359337,1.3443074310233287,0.4657831675758941,#2a758e
-0.8956444399733249,1.7320291525838691,0.8733814459365749,#30688d
-0.8128124027943194,1.7836534134018476,0.16138508316927358,#277d8e
0.9790577954591944,0.420511259017559,-1.1098398699958882,#39b976
-0.5436328706260674,1.572476292285896,0.20070806245551143,#26818e
0.23069007613310522,0.16501404803592934,2.0151764633887495,#472b7a
-0.9223227867237279,1.3287604023020345,0.7447850853465731,#2e6d8e
-0.8101816710896516,0.8051615212328349,1.2257422277507113,#32638d
0.4132832709984017,0.17996722601717174,-1.9078060350744153,#6bcd59
-1.0671104413923809,1.6740507045167308,-1.4456322820513854,#e4e318
-0.4215935852760009,-0.049373539837957864,2.102956818011944,#3f4788
0.6955066830870366,1.7024473428338016,-1.7300388038835737,#5bc862
0.13959127202172586,0.5862861616266702,2.044550977595055,#45347f
-0.7126651419635167,1.9655070434672255,-1.7957744731745269,#c2df22
0.33574356922434,1.268858352261486,1.9796311904490855,#45327f
0.8506729318194702,1.7503873341501355,-0.4636139196794781,#23a982
0.9321612996820866,0.6204619153324532,1.0898135174898314,#440357
-0.8855318604452549,1.5725528103879076,1.3335448214934211,#345e8d
-0.01987817538937422,-0.10086972535249282,2.0958612871300066,#443781
1.179686650041019,0.6745003028525874,-1.1601111150897128,#3dbb74
0.3595296455542225,0.36080905845616446,-1.9055549248586696,#86d449
-0.18769669302467618,1.7997106970587748,1.9249438879163,#423e85
-0.7518445565723374,1.1073445969540054,0.3636856097660155,#287a8e
-0.3152789168006595,1.4660075301323143,-0.04945172553650862,#25838d
-0.6882692178274876,0.2495318921670676,0.1354734021287326,#267f8e
0.8119445155942652,1.1514169235917593,-1.0723322461355345,#32b57a
-0.7562461543155304,0.4347034361101241,1.6660223974115076,#3a528b
0.08758961206519045,0.8148773621374537,1.9222764896503972,#443781
-1.1590366306948001,2.0374051481739226,1.168591004751793,#33618d
0.0008227939718242552,1.6323105375655442,-1.967327393656245,#8bd546
0.7775509580051337,1.3739600649094992,1.5299762644359884,#48196b
0.17897397694792788,1.8289374024115657,-1.8752342977526182,#8bd546
-0.7122593634163105,0.7558491766134036,-1.4467220051063185,#d4e11a
0.417881684796995,-0.03258677091883433,-0.1963929780331259,#1e998a
-0.890413018099676,1.1375444171584066,1.1339670601357101,#32638d
-0.8323255699018443,1.8565222671207595,0.5867891093332227,#2d6f8e
0.7543081179758344,0.1819132552457189,-1.9119397951814832,#64cb5d
-0.8192294455508268,1.1918048507228298,-1.696633048732457,#d7e219
0.2569681715351159,1.1797695151419396,2.087626409387101,#45347f
-0.38304050766505815,1.8157993270429031,-1.8073934763019053,#afdc2e
0.97868620767573,0.3528143421944428,-1.1580070988443896,#35b778
-0.7528289331392632,1.0742127194013615,1.674241386235615,#3a538b
-0.6127286507933699,1.5885997594359957,0.26398024434089,#29798e
-0.9684137564914265,1.6084100360908107,0.630121618775953,#2c708e
0.9941922299497323,0.22667100116380998,1.3418950354006312,#471163
-0.7615272472866743,2.004950743605175,0.3207434539144284,#29788e
0.4401971090669182,1.1743974455453927,-2.0552414228871627,#70ce56
0.7764728447066056,1.9404069009640832,1.873501399449881,#482071
0.6856966878926446,0.9213376998552414,1.727859876339105,#482172
0.6741914420924572,1.4494328067893376,1.707512178325093,#482172
-0.7825527490308857,1.5763146510972637,1.6713284802091186,#38568b
0.8158508504946769,0.09299346616195082,1.9410564453175632,#472575
0.16009577242861364,1.8729541689742149,-0.2700147915557599,#1e978a
0.7232735701300546,1.9330530140576367,-1.1325434556666103,#3bba75
0.43723421950537655,0.8739765505312074,-0.1254008860246399,#1e9d88
0.9817072139817803,0.25227339999239484,-0.8457023255854567,#28ae7f
0.46766693505320667,0.8819090840730052,1.8203749673038818,#482273
-0.278464657815082,0.9319650037950312,1.9530803406951214,#404487
-0.32865338671976796,1.4571664558526543,-1.814581314973274,#a7db33
-0.8418134423149563,1.0558114421877314,1.3877512690836658,#355d8c
0.19146176482022342,1.1421472569671236,2.094957003744903,#462f7c
-0.9662349031522499,0.09329702650397445,0.9088192110316784,#30688d
-1.0216404457163404,1.4296805077784265,-1.5917556889810993,#e7e419
0.9817489511491404,0.4279499954956416,-0.5610503562279752,#26ac81
-1.0784167397719073,1.5023864104212838,-0.9686036977425019,#fde724
-0.6582835814019715,1.439250575118004,1.7238398404631008,#3c4e8a
0.6596988714473054,2.1844493724226033,1.8243236358608232,#472575
0.18085648962142148,0.3229446874227767,-0.1449230112103867,#1f958b
0.5289717376510553,0.310894787488688,1.8284666544577795,#481d6f
0.6112641272142204,-0.0746766900985497,2.0150422595992787,#472575
0.6574174759418001,0.763104229299541,-1.4904754371246336,#5bc862
0.4372339717066378,1.2215827139836533,1.9556733103520958,#462f7c
0.8143027811496982,1.395739960253491,-1.3523036667418804,#3ebc73
0.018014647746694916,0.6938768775018322,-1.9233033231537917,#8dd644
-0.29058325873717006,0.7794488986961435,1.8943527797689046,#3f4788
0.19107590040336486,0.6956207834352843,0.027310752930516158,#1f928c
0.5230223670067383,1.5229167429309298,-0.2513744396325235,#1fa187
-0.19936545520174806,0.701896261582599,2.074748235215317,#423d84
-0.8597278663746722,1.5078634647996203,1.7190711251013087,#3a528b
-0.36772154753249575,1.79620837784768,1.8656634818727982,#404387
1.0381954714941228,1.6659922912301028,-0.7027721561098152,#30b47a
0.5817703823221523,1.25846104422306,-1.753294908945316,#62ca5f
0.9597259033826471,0.7041765001728922,-0.5127175719401508,#25ab81
-0.3189683887581105,1.5103669869693181,-2.0144041731098543,#9fd938
0.8013668398276979,0.8516881223636942,-1.6902023075568984,#51c468
0.9835547546622972,1.8289821708329312,-1.2200623974726221,#3dbb74
0.9565733485035126,1.1568602789094025,-0.989589463634376,#33b679
-0.39977894837872413,0.1061215633835034,1.9479112229556244,#404487
-0.9063132535326239,1.5051004236125842,-1.5203555258312016,#cfe11c
-0.41913586061347796,0.5190854759362913,-1.8691761964154354,#b5dd2b
-0.16589463507272467,0.16510438681521902,-2.020366348954941,#a2da37
0.17043715165892814,0.8505925381208952,-0.20808043193103906,#1f958b
-0.8562723481514993,1.248905395522446,-1.4518085433934143,#d4e11a
0.7558206668063456,1.267602241540887,-2.0666985060348235,#6bcd59
0.30707633523653605,0.8667868164836123,0.04386627320962101,#1f968b
0.08614520798841296,0.041534563060016405,-0.0648187705733608,#208f8c
0.34908424574556657,0.38255790025436853,-0.03912970215716832,#1e9a89
0.9300913903518113,0.3420983707937534,-1.098060169755539,#36b877
0.851796250252139,0.3239946715377893,1.3656545916139944,#470f62
0.8204505227941776,0.9529055793589505,-0.4742073635834189,#28ae7f
0.9098788082469995,1.422184687166973,-0.504114896992139,#26ac81
-1.010278198191867,1.2900873182166122,-1.0650446594123077,#f6e61f
-0.13906946501651063,0.3023114035718683,-1.8640039682953031,#a7db33
0.5836066566981534,1.9412864516902113,-1.797094490677926,#64cb5d
-0.8185869896113342,1.1903290677792282,1.5189792556793316,#38578c
0.07706114808736311,1.5303800518137722,-1.87648691206607,#86d449
-0.9906667775194185,0.3830163047057972,0.6641647036205786,#2e6d8e
0.17887422192861457,0.12739898578177117,1.991128676562127,#453681
-0.7323016879450288,1.569559308977768,0.38270640780482557,#2b748e
-0.584664314412806,2.00478905316598,1.7530672602445254,#3c4d8a
-0.21886494687363275,0.42396690068254644,-1.8223252920940294,#a2da37
0.7552445730407253,0.043773818986326374,-1.4241459157892524,#51c468
-0.8701692762250942,0.784832876106277,1.2495224736919328,#33608d
0.7715704101130045,1.0995581619206534,1.6175693039512171,#481a6c
-0.3900827494895891,2.0251916313358986,0.2374377830202378,#24868d
0.6081752217948762,1.470807778565465,-1.7856323411449213,#60c960
1.0935755903829456,1.5965980652799447,-0.9494550975319859,#38b976
-0.41938604242673994,-0.021566202677655355,0.10653171050440784,#24848d
-0.6665059392818092,1.4654472380653862,1.8136941527991326,#3c4e8a
-0.4221715183648745,1.3795426130406274,0.08389703094961351,#23878d
0.6970997582910491,0.7721203243952472,-0.16551681157383746,#1fa187
0.26267928777703337,1.7286595764691555,1.953569981487239,#453681
0.8043620149925241,0.9823054572131192,-0.49391449777350616,#25ab81
-0.7567962271447888,1.3366657180869745,1.1258154210236293,#33608d
-0.5545607697769135,0.7383327926454842,-1.653572526318502,#d2e11b
0.8475408731620796,1.0112690709163814,-0.39244024080179385,#21a784
-0.7017418570711731,0.6210719439826796,0.29474467433561014,#267f8e
0.6687674292347598,-0.1156626632492859,-0.22498479614972544,#1ea087
-0.7206548831153902,1.1148192727651622,-1.185668763636367,#f1e51c
0.4870754412363058,1.3822651212105055,-2.0453603338107307,#72cf55
-0.6929421554301364,1.0935086637842177,0.17214428252922354,#277c8e
-1.0639656971034994,1.321567294349651,-1.1212530458277106,#fde724
0.6235908303984881,0.25407132586823167,-0.24139182886074287,#20a485
0.3216486794331343,0.3915026160069099,-0.10580583786834323,#1f968b
-1.0741161371801158,1.2101862746576857,1.1903770898065078,#32628d
-0.9810540491651137,0.6690761151828836,-1.1611800840621989,#f3e51e
0.4763038678800682,1.258369951098125,-0.2983725582366522,#1e9b89
0.8384987691479179,0.2641183363349807,-1.6672472276858716,#5ec961
-0.3809692353045964,0.6446156180545752,1.8484466186462862,#414286
1.1401888080282583,1.8169283335278348,-0.7534985290715961,#2bb17d
0.5755229854859106,0.49807384781482367,1.8931333090063291,#472575
0.047689130914004604,0.7089558091642688,2.070192907010557,#453580
-0.7273143912269835,1.6778037514760042,0.7562793082420491,#2e6c8e
0.8164297781814707,0.33433799105338174,1.4550921058885489,#471163
0.9370652442423548,1.585458787649607,-0.5291888705885626,#26ac81
-0.26030094206602417,0.17844180611183333,1.9032551960630493,#423e85
0.15890714397713515,0.23539935522687805,1.9646910833322062,#45347f
0.9617544463390437,1.79252546504916,-0.330563667303739,#22a784
-1.0053706570342886,1.0993987828984824,1.2652443669606943,#345e8d
0.5623677569799355,1.8393144386558655,1.7847247457034356,#482273
0.47637554178121827,0.753414724702824,-0.3503962011652909,#1e9d88
0.5420420203690839,1.6933959711592472,1.980248347068158,#472676
-0.730848760836483,1.558477350215493,1.7984689038491444,#3c4d8a
-0.37709432418333494,1.5549073122968005,1.930804468781751,#3f4788
0.6368500251239504,1.4450982598538311,-0.2872852552030856,#20a485
-0.820234693032639,0.07924532251398458,1.0719230483609685,#32638d
-0.6634272644767414,1.392755711369059,1.796921266049707,#3c4e8a
-0.8874607950926509,0.6799951096555592,-1.5125570789291463,#dce218
0.9981360923143164,1.469479710774337,-0.8605278977428951,#35b778
-0.81858166537124,1.8852528140393137,1.505653255355068,#37588c
0.1353190548284511,1.156012245679716,1.9018697053830504,#453580
-1.045373269202651,1.190151532789322,1.102643363840102,#31648d
0.0022133876894632996,1.0642945163389683,-1.999897888227307,#90d643
0.5404302608045627,1.5387203480800342,-0.15957939724152295,#1e9e88
-0.3105714140359443,1.758374815628803,-1.925758409844286,#a5da35
0.896172082186247,0.5833096759598511,-1.5603167081570972,#57c665
0.11013224062182148,0.54689425836974,-0.024821232976828884,#1f958b
0.6805027578239502,1.3903493184189402,-1.898226043718415,#69cc5b
0.9452433562771952,0.8306246845847542,-1.109955469546516,#36b877
-0.2717790226569097,0.17147002454758628,0.20541027240613594,#23888d
-0.521582343332262,1.502427374731619,-1.7307040122412043,#cfe11c
1.1752492515813397,1.1492267432879715,-1.2471646756348609,#36b877
0.7197196580237993,0.6229200105421103,-1.5359437197339096,#4bc26c
0.8200066799026317,0.054402894898028895,-1.2856650481984315,#45bf6f
-0.9463587786728042,0.31307927650516915,-1.3284924831805849,#ece41a
0.3659643123250437,0.4695283138416478,-0.10499609495996717,#1e988a
-0.9201050237075854,0.9689850624445921,-1.0506329733800905,#fae622
0.9527402072701596,0.31839988604562525,1.0422882969696594,#440255
0.6579738306217838,1.1063827075612562,1.9415623987953758,#472a79
-0.35090870497205173,1.938215935767903,1.7713741458380488,#3e4888
-0.32430042653867475,0.18280226790689108,-1.7472021671965343,#b2dd2c
1.0420746377358772,0.21364271205243274,1.2014045025012658,#46095c
0.8446626871993674,0.23872345439947584,1.1863016909519934,#45085b
0.17396515527904935,1.865809885088306,1.8822462517608618,#472c7b
-0.6299560853911024,1.6487589635803932,0.08318946786892235,#267f8e
1.1409971454189636,0.8804606829061723,1.3343451876676422,#460c5f
-0.6381357859762298,0.4249220186039384,-1.8412257288468334,#b7dd29
0.010711300754278619,0.2500339473550768,-2.1291138540362335,#8bd546
1.091272691315572,0.4327162676602964,-0.8115419766276712,#32b57a
-0.029740796849403124,1.3012001431159839,1.9865493773016742,#433b83
0.2126156090551607,0.5164166768845211,-1.9374337603834684,#79d151
-0.00999468018372518,0.9480728543263293,-1.9152378264052936,#95d73f
-0.5892538188776387,1.0282158691177603,-1.7541863295710791,#bdde26
1.0506991414775333,1.4691534432092144,-0.9608207689166539,#36b877
0.35430004537367976,0.23366513378063333,-0.213510763791255,#1e9b89
-0.36603000732593827,1.5600898370236231,-2.0463114944957432,#a2da37
-0.6094911417669547,1.1042376463621937,-1.6826782277029553,#c2df22
1.1445073071239213,1.9060510794476173,-1.2761863596569833,#42be71
0.3318488664692759,0.6147202006025354,2.157615184100071,#472b7a
-0.7911714856225478,1.9925361397344346,1.5485122175798118,#39548b
-0.4397010164138716,1.0971785372343228,0.11170513645092633,#24858d
1.087112738063479,1.8146316487693683,1.2248439161276343,#450558
0.873811773004677,0.967730533486141,-1.4084717785947802,#42be71
-0.4363123849914563,0.6615053867636904,1.81169866235778,#3b508a
0.24398498847224245,1.345778466934624,0.023653708076953425,#1e978a
1.0036616297137453,0.4949428889092483,1.3411442495536265,#460c5f
0.4533537415698686,1.413586117228315,-1.8616901685525178,#67cc5c
0.9461860400537593,1.8370509444103567,-1.451748653976187,#44be70
-0.3156663060499775,0.8939336029666459,0.11590298073156109,#25838d
0.08890218126067713,0.47385976901817656,2.164992494273059,#45347f
1.0429741810397648,1.2327880579321946,1.1747356561581614,#450558
0.2231626394609243,1.3832459105560506,2.1708954623217833,#453580
-0.9434748183911147,0.5446487378911224,1.0831948272350218,#31648d
0.9664412627814227,1.9189362927421005,-1.73356555446404,#49c16d
0.970248169045477,0.2750102831080315,-1.274288864152761,#3ebc73
0.8458422448727958,0.6346325463269081,-0.2332811923755484,#20a585
0.41760303561407275,1.1484542902662038,-1.7400773689349571,#69cc5b
0.48872202750977767,1.7625474534985315,-1.9350018183255975,#6dce58
0.46690177357590573,1.2471027499993137,1.8243530452451084,#472575
0.7808355013909688,0.28159946375760514,-0.5587495923977973,#27ad80
1.0476019548920277,0.454939929489904,-0.6201697832058113,#2ab07e
-0.9561333232506635,0.19981709964287556,1.0390876254977823,#31648d
0.88538279073696,0.46726317155995434,-1.5098806963816385,#49c16d
0.27529544602795,1.5489148137126478,-2.066003901403425,#81d34c
-0.26600370390563927,0.5091441631700575,-0.03577250231006207,#23898d
-0.01704044485363644,1.1057665482173757,0.0103665686063739,#218c8d
0.8404978750655572,1.9654301881390615,-0.3981539880423881,#20a485
-0.6466588899545639,1.292430445801566,-1.6032187855521927,#c2df22
0.9177071997934373,1.8483055978277756,-1.4644021095310997,#44be70
-0.584167197384388,1.1385089356969076,0.6466056438069169,#2a768e
-0.8791774790498471,1.9347385169314766,1.16265085000927,#355d8c
0.13329470189516238,0.8682587868562153,0.044472101859094976,#20908c
-1.0304754947425407,0.7891181128828474,1.0616222805539952,#2f698d
-0.3160482028079895,1.8364708219794397,1.8538865906932114,#424085
-0.7062071604294297,1.2305519022167868,0.5533877167405201,#29788e
-0.7277154685626169,1.4860277210004649,-1.626847964379465,#cae01e
-0.9316217314226738,0.7657984487983214,-0.8551287720249153,#fde724
-0.43930964852863463,1.6002041817365067,1.664892338229297,#3b518a
1.055478546005117,0.6819908130784061,1.0124292506467558,#45065a
-0.01004850672991621,1.4913225408310504,-1.9932592366811728,#88d547
0.7587353402826108,0.9877451098598748,-1.6350804949263575,#4bc26c
-0.45765729330541904,0.5594889436555419,-1.8649493759443347,#bdde26
-0.9919702032322066,1.8367136055926898,-1.1207484570374826,#f6e61f
-0.9794315683287544,0.9320999637945795,-0.9641283291012022,#f8e621
-0.34901159276116844,1.317964615511308,-1.9116824743842231,#aadb32
0.6168141564526597,0.5828942820148765,-0.17427009885798328,#1e9b89
0.16255191029591176,0.1343453101420472,2.0547664924555056,#433a83
0.2903084708094402,1.1323076412838546,-1.8173146563160538,#72cf55
0.7638360694230331,1.869996192137154,-0.20527720050989734,#1fa187
-0.26870246309897955,0.48367860282872,1.9038951725229636,#414286
0.7872433138366394,1.751797873533168,-1.6967694496089094,#5ec961
0.45390745891262657,0.3936767091974532,1.7852367243327807,#472b7a
0.9045315679696315,1.2043184525795385,-1.1965061079003658,#39b976
1.1517393668097609,0.40825767909292776,1.4140770980441388,#471669
-1.0179769101176621,0.22974137754931076,-1.1381028571245708,#eee51b
-0.7311229355439293,1.7241333043555278,-1.8363882884123985,#c5df21
-0.29257344135733654,0.6615151428243097,-1.933492382022579,#b5dd2b
0.764851348630688,0.2902643886305661,-0.6043261542626552,#28ae7f
0.8643259152440005,1.127959927630026,-1.1724818611225407,#35b778
-0.9667902678258526,0.1718791483052471,0.7095930992710605,#2b748e
-0.8940186269456314,1.9992235332467962,1.5963766867590137,#3a538b
0.844975572490744,0.9431657625308691,-1.6521857905671375,#49c16d
-0.9363473397409928,0.748609341386729,1.269645032715167,#345f8d
0.9145370952609462,1.4889535690789122,-0.45481475040841546,#28ae7f
0.884610206001127,1.33527262435879,-0.9960961470572859,#32b57a
-0.6369935015034197,0.9567763698992602,-1.8389834971688626,#afdc2e
0.9849647024981408,0.6951768707328518,-1.0309004319774688,#32b57a
-0.7688216809336742,0.8306795971315243,0.28549918983180056,#287a8e
0.033881528003988366,0.7336558013187272,-2.098774775818962,#8bd546
-0.9141239917943574,0.5719786838216177,0.7674355381551704,#2d6f8e
-0.3937473061026492,0.18512684342787455,1.9075194037143017,#3e4888
0.7471727621906589,1.3618836476498346,-1.563029388282753,#53c567
-0.5184226670095353,1.3893747816045172,0.17509376328190712,#277d8e
0.7953503362564959,0.36982752676424263,1.1274263460672056,#46095c
-0.4144763581076588,1.732853576533677,2.015086012380512,#3e4888
0.7394990606751265,1.7345162170260136,-1.8062263207483602,#55c666
-1.0080693339241205,0.39284928764524674,0.9714740996219494,#32628d
-0.5652036825997246,0.5384372999002476,-1.820569788434204,#b2dd2c
0.5670634458468498,0.8683723886157401,-0.32050542803797283,#1fa286
-0.5839571678547617,1.2477972698761206,-1.7110770018113792,#c7e01f
-0.04449599409018812,2.0888770982344305,-0.043182553382744765,#20908c
-0.4740176744656208,1.2097279047023999,-1.920086318430214,#b7dd29
-0.06760114511843693,0.08759898334783325,-0.019755357109223142,#218d8c
-0.6996272949055844,1.6454317102917377,1.3935865683242898,#38578c
-0.678401976805427,1.183537268584239,-1.8719772602966285,#b2dd2c
-0.04758537401927439,1.8267079929816499,-2.072560941826425,#8dd644
0.08268198944303641,1.6970872471124023,-2.0889416426820855,#86d449
0.4379747410238689,0.7465192946376606,-0.02401699774414706,#1e9c89
0.5964120431719889,0.19862699202038037,-1.880573816100222,#62ca5f
0.9860191664384396,0.10120711648509559,-0.9194503501889619,#32b57a
-1.0422392641057674,0.42278043035943985,0.6903195534743827,#30688d
0.9371959476831522,1.0215209770521958,-0.4318043281423306,#24aa82
-1.0515166380824292,0.6299946279879409,1.0533925202657006,#33618d
0.38847341163494353,1.5158007774150746,1.911839849516761,#462d7c
1.0135858568627727,0.1643648174846628,1.1544543626798438,#440154
-0.21257423952680063,1.6709914422152532,2.04982799015342,#423d84
-0.03624422102993041,0.46104553984243235,-0.05830425927202294,#23898d
-0.9599589582507919,1.6496735440846728,1.0379975640159935,#30688d
0.6807333510402922,1.3997980924070443,-1.8563055390947951,#70ce56
0.4359987062102567,1.2253988232081572,-1.7438347285830897,#6bcd59
-0.9362144425878227,0.8268415454608028,0.9534045650380736,#30688d
0.8997990460354369,1.0816000599481712,1.1685365896623872,#471567
-0.8262197322414119,0.7895533524018179,-1.6647968404533626,#d2e11b
-1.0265163705190135,1.4893441703328065,-1.016541140195878,#fae622
-0.7792786236986273,1.8523299807551366,0.2984162065248031,#29788e
0.257684911081593,0.8020007263391955,-2.010656115375474,#7ed24e
0.6965970567288272,1.1124590173769415,1.7349170945500676,#481d6f
-1.0816111624398024,1.0776434408259346,-1.0452785332026326,#f8e621
0.39413981212301435,1.0308253395425162,2.025614041860255,#472c7b
-0.8466857884915138,0.9821119839820275,-1.3829770246991417,#dce218
-0.6595438326961461,-0.035838838711778224,1.9577452593828832,#3d4b89
-0.533424451597675,1.746410221478118,1.7939918131926609,#3b508a
-1.1532930799641794,1.6593056843299934,1.067669828944557,#31648d
0.9022444263169536,1.090608247484549,-1.2416542058460744,#3dbb74
-0.5694435132129279,0.8320772922733773,0.25335491087406925,#277d8e
0.4843423438450791,0.5036006786927921,-1.8017734928314302,#70ce56
-0.6863737744577777,0.8963276022546579,0.3227641435613813,#287a8e
-0.39110429691537474,0.5282422174556095,1.8687458900662208,#404387
0.7030963462703527,1.5006763479718004,-0.48705774120077117,#20a485
-0.47590568582426424,1.1572950861518685,-1.962621071843855,#a7db33
0.2991467292885044,1.714400344791233,-1.8329137470085182,#77d052
-1.006506848115231,1.7665630159803787,-1.090877586672924,#f1e51c
1.0464585276973952,0.24577273719629372,1.2416696377033623,#46095c
0.4570684824621163,0.4752603905657082,-0.023544135850526227,#1e9d88
-0.9340167822083636,0.6490311875076505,0.69193416288138,#2d6f8e
0.8904321254509222,0.013169386388588031,-1.2521759929134857,#45bf6f
-0.9062353192748543,1.052131466437118,0.4063518426030723,#2b738e
-1.0942640867962778,0.8843266174354811,1.068936721085123,#31648d
-0.3085189929798629,1.109457795455239,-1.9449283711427527,#bdde26
-1.1125405502140369,1.0709539496581555,0.7463483436730927,#2e6c8e
-0.569767351151888,1.7269111124195617,1.8318224301289883,#3d4c89
0.6885453322494256,1.9285297050254702,1.5825104989914918,#481a6c
0.6964665622942384,0.22665930333216178,-1.6927064440758532,#59c764
0.5292490221485856,1.3050649444489109,1.778188962027027,#482374
-0.05401461692962961,0.016398255636001696,-2.0835870713128593,#9dd93a
-0.8204842634294022,1.470421402895167,-1.2684900882689876,#e1e318
0.8729054182730223,0.6627925709931508,-0.45696670001304707,#26ac81
0.036524192072507955,1.0537094192411955,0.03402584690981199,#1f938b
0.8868699069863691,0.403148521271676,-1.506015107314319,#4dc26b
-0.8026481865009562,1.4494340938446402,1.44854620637707,#37588c
-0.566082212273037,1.0195177541635618,1.901052564895389,#3d4b89
-0.034169225532465,1.7363059431164976,0.006443360927248915,#218e8c
0.42340909705977514,1.460690419712034,-0.0017526586820924145,#1e9b89
0.517941027516906,1.216545152529906,-1.9211896925163676,#70ce56
-0.9615263165941411,0.7697075281010024,-1.2756119931014702,#e7e419
0.19534781055038608,0.6037905221140618,1.9586891308119465,#45327f
0.010458768280407135,1.8169575465254393,-1.9083992190092463,#8dd644
-0.18947814849913813,1.4681031720330537,0.003180904342382435,#218c8d
-0.7359118001323708,2.062098507816641,0.09989327866138689,#267f8e
0.6182460629302319,0.27712423107665674,-1.7763642671663014,#62ca5f
-0.9994124141899973,0.3688673968636742,0.541010516006054,#2b738e
-1.0062947208451818,0.30570907848303597,1.6410921365556912,#37598c
0.40101289255620504,0.6575534272068054,1.9115402356014701,#472b7a
-0.6091411984478452,0.7580329300152623,1.7457882558536912,#3d4c89
-0.8157039883794034,0.235301282756175,0.5018608990542667,#2a758e
1.0264244645069,1.9184016458298427,-0.8052619350800377,#33b679
0.2532395147120362,0.6910488365734728,-0.07544000404882423,#1e998a
-0.32401199611010106,0.8611346015066589,1.898439191574163,#414286
-0.6796692374247634,1.5444681138149388,0.2641902503662081,#277d8e
0.8183724590530416,1.3434640176857116,-0.4554216593366358,#27ad80
-0.8207971343372996,1.0136661661848811,0.4495847370027231,#2a778e
0.8840896391117965,1.3083007509751396,-0.2899469230139058,#24aa82
-0.7992159084292905,1.3374357157913446,0.69855728149509,#2a758e
1.0185543655342255,1.9207104827221182,1.02376044076671,#450558
0.7590986286268946,1.607736347359215,1.7204850856488518,#48196b
-0.6803754244301173,0.26126956390661404,-1.7629331914282282,#bfdf24
0.522519780993848,0.2806077588924802,-1.9129085986163237,#69cc5b
0.49004045674216334,1.2595861750735018,-0.1698257016563387,#1e9e88
-0.8219733104949464,1.2067623790681676,1.2496047901464755,#31658d
0.3411773396016577,1.819379044371166,1.9755733902079515,#472c7b
0.8435250900866753,1.6475394631580955,-1.5112279029581939,#49c16d
-0.7355208133023772,1.9016131086026182,-1.6769581387198609,#cae01e
1.0083574138626177,0.39922871326638554,-1.4012038612193876,#45bf6f
-1.0529075047861707,0.2687890930885065,-1.1047422960449906,#fde724
-0.5461186058196831,1.5917697043988455,1.8352507551471378,#3e4888
0.8637658941933791,0.33425450394403405,-0.7899839631838834,#2ab07e
0.6043843847304938,2.0516800446615084,-0.24807306157606873,#1ea087
0.6945881974127083,1.760483674924677,-1.8923285124520426,#62ca5f
0.26998020229895286,0.7281538586614889,-0.03871480760610285,#1e998a
0.7039061483195364,1.4988908578790698,1.5612721619524088,#47186a
-0.5309045142137414,0.8270672507266257,1.6962050581573722,#3b508a
0.8998239903485707,1.9722210120712045,1.255917118181432,#45065a
0.03166234803887226,1.4193338664992372,1.9125908086500434,#443781
0.9723826242439857,1.1495855132444313,-0.773799502684889,#2cb17d
0.9152880103110146,1.3357072675230544,-0.8661302263332002,#35b778
-0.28272742123623834,0.6117772695155675,0.041055041616855165,#22898d
0.6086330586297299,2.1149873280339597,-0.09895542213700534,#1fa187
-0.6255592636643459,1.1933041059143572,0.23373942088145888,#277c8e
0.3526457346263514,0.8136817083657442,1.9128716468823073,#46307d
-0.6402932638401577,1.324501400473565,1.7735320569905246,#3d4b89
0.9855249501035224,1.459952959429709,-0.41845762872834535,#23a883
0.9207856809530612,0.49888764804789565,-1.141163962032684,#38b976
-0.0873586235966935,0.9682507582853143,-1.9071380018888222,#83d34b
-0.37659412982368135,1.1148167675105647,2.019553908873445,#404487
-0.9849505125912785,1.0141370479768261,0.4684024629748268,#2c728e
-0.45436433254600667,-0.11275622686146719,-2.0847002451810206,#a7db33
0.9514785828127464,1.7381755387687667,-0.6613513854812161,#2eb27c
-0.11518059044081828,1.084072990328293,2.0548767482014516,#433c84
-0.8424502660163038,0.15409976321268906,-1.2021999617878956,#ece41a
-0.9706902378846768,0.7350522138244375,0.46056305064390735,#2c728e
0.3933734570108648,1.7997964831564395,1.9510928983251643,#472a79
0.8969473207334369,0.4379383935236349,-0.5752431691416541,#27ad80
-0.6681506243856922,0.16442392762172545,0.1651919919238485,#267f8e
-0.11514774116016772,1.7388190229073577,1.962373424761124,#453681
0.02355166238851357,1.2399632782174528,-1.979078757926942,#86d449
-0.026753951445288554,1.028586719163949,1.9006940561981562,#46317e
1.1167093090769493,1.6201472650650042,1.152085563437804,#450558
-0.0712407696082018,1.2931030862490034,-2.0277617040534337,#a2da37
-0.8985626114623269,0.049261165129107394,1.6037614469574113,#38568b
0.8389832724885897,0.7239947774071785,-0.9577370145851397,#33b679
0.714292339307133,0.5703899542779486,1.6884333976989139,#48196b
-0.3654386370523396,0.3303532613352639,1.7426529083487148,#3c4e8a
-0.009666901601693048,0.5399872863854441,-0.033237457009722825,#20918c
0.9547537819972146,1.5198357258229722,-0.33573944594530414,#23a982
-0.01587678721306761,1.4451547877035953,-1.8918627696148733,#97d83e
-0.26467334838626655,0.8164906066009398,-0.11025235861371896,#23898d
-1.085436854822401,1.5347020287805055,1.2968215682400055,#355c8c
-0.20651287019473125,1.8368415488051502,0.08174488544519591,#228b8d
-0.7873922491397705,1.053281370391569,1.8319207882127797,#3b508a
0.4305398422827512,1.1023900743733148,-1.9458672633581917,#74d054
0.8626163390054593,0.2277187739961927,1.3709646611478394,#471567
0.9089432628558382,0.08432597233573533,1.586467584222299,#471163
-0.8970431202453824,1.8867983280836618,-1.379671064581914,#e4e318
-0.2151229990283675,0.8380394541636778,-1.9046226325716087,#95d73f
0.6961638694593533,-0.02948742511058223,1.745925917586909,#482273
0.9741648633857078,0.6795263757119161,-0.9158505570453075,#38b976
-0.5756585156960421,1.6418179308369185,2.017149021404724,#3f4788
-0.9856220411327129,1.4284374089549283,1.4372659687826013,#355d8c
-0.4641157439477903,1.2154470280826062,-0.01376565007758089,#24858d
-0.2943293715009305,1.630360539964484,0.031648317015128095,#24868d
-0.9380778761083282,0.6459206757270782,0.7278737665770248,#2c728e
-0.43819916527276015,0.5331416295250809,-2.0837186213981362,#a2da37
-0.7869789879948446,0.7927338800052621,1.7989391048322714,#3d4c89
-0.8059084623285512,0.7829567734377568,0.9984327755629475,#30688d
0.10154105376495828,0.8325212551025253,2.1026119914680255,#46317e
-0.8430295153374884,1.2800889952997743,0.4500023477261799,#29798e
0.7438605216985728,0.7037729761691663,-1.5974142308206485,#4dc26b
-0.45389266573050696,1.2029003433080956,0.0234547831558493,#24868d
0.8839202397276471,1.1336132212874372,-1.3522425457098328,#3ebc73
-0.945304237129255,0.632251761948875,0.8934655781081948,#2f698d
1.004691820498823,0.051996027291275684,-0.7137370734045674,#30b47a
-0.9768193671392766,0.38730755866312006,1.0249861507636737,#2f6a8d
-1.0926032804509667,1.5182496013400666,0.986716074968358,#30688d
0.021188968749947315,0.9704022166369568,-2.0486083083340416,#8bd546
-0.45214513193632777,0.376431656198975,-1.8929142867744722,#afdc2e
0.36343620393359866,1.0034167822668607,-1.7790533704931728,#77d052
1.080962202308075,1.6825653773227995,-1.165397868307612,#39b976
-0.5146365915741895,1.3170764849918994,1.9686266019108052,#3d4b89
0.8714900063055806,0.5628793814497417,-0.9737264073938704,#35b778
0.7788596840891365,-0.07676695627232419,-1.6896269528573369,#59c764
0.11923542229226197,1.490895582350659,-2.0544990946417006,#86d449
-0.8236878487908,1.7121519784790225,0.40200215004217427,#29798e
-0.0586960367924262,2.016388092634354,0.0080179685179158,#218c8d
-0.10272182031979879,1.6547090415970873,-2.098545189636605,#97d83e
0.7464479050505427,0.7764500707796413,-0.31119570292103244,#20a585
-0.16636186810347936,1.598764795371455,0.045003161360728364,#22898d
-0.32032002502901513,1.740628456799434,-0.06593462659116926,#22898d
0.8060933687877567,1.6804046365916634,-1.2555766992298396,#4bc26c
0.9534744083183699,1.8536511510019351,-0.9939915111917648,#33b679
-0.607217909867239,0.3669016697229239,1.775129162127431,#3b518a
-0.1591098205188496,0.6332457372034654,-0.029574925518976156,#23898d
-0.21131126453757848,1.8530566470601013,1.919124716544808,#423d84
-1.0817266702510075,0.8959954853015857,-1.025788927192844,#f8e621
-0.6012824612114361,1.6783079625241721,0.10050846966839627,#26808e
0.8064929782142344,0.5236983174172174,1.5960671146976972,#47186a
-0.5361776463881808,0.10299125480860244,1.6859685080803826,#3c4e8a
0.7470259344385183,1.9449994077874029,1.8477581707651343,#472575
-0.6512003847673399,0.9527544961940522,-1.7537959069805222,#cae01e
-0.6645180517427524,0.16245929715375354,1.8211054501621715,#3c4e8a
1.0019065507801848,0.51193001022795,0.9691364937923606,#440154
0.0062558948963855054,1.0020069587713398,-2.0656893276517616,#90d643
1.0155497330247059,1.058853875279009,-0.7457758020863698,#2bb17d
-0.5196236288335921,1.1795846235722258,-1.8906946833648595,#bdde26
-0.6933137441818752,1.0347383853015661,0.16260818967538487,#26818e
-1.054745090113972,0.7941748782916566,0.7218343392246098,#2e6b8e
-0.8014620411577991,1.3708453880642508,-1.459590797483926,#dce218
-0.07199958774009188,0.6019505381012219,-0.015126348776225353,#22898d
-0.742940983300906,1.1399290149611725,1.5072672830755232,#39548b
-0.17567992167345597,0.36992612699816835,-0.1724394952913556,#22898d
-0.49772202218618034,1.782575775820927,1.8654156540177036,#3c4d8a
0.2371039671852546,1.0117701629868352,0.14748571865385068,#1f938b
-0.6595654834570621,1.0816640399873447,0.25584655846163123,#277d8e
1.0232166217113083,0.31018757615298076,1.1181584092465287,#440357
-1.0213232205417977,1.2960620082115193,1.038033293364556,#31648d
-0.7230701789570628,0.49211855457136633,0.11671153353508917,#267f8e
0.271254627697789,1.8365044819987677,-2.0814027374290975,#7cd24f
0.05504467492772677,0.3066874069700535,-0.025302141125461204,#1f938b
-0.915536575163128,1.469294996081631,0.7638065458495993,#2d6e8e
0.3029749947392478,0.4238314593213353,-2.076204774713032,#81d34c
-0.43928022156572305,0.2547560355287063,-2.1578711843900606,#b2dd2c
0.4148238151110108,0.20370591681606937,1.9734646152838655,#472b7a
1.0498745487568828,1.5771784564258726,1.0862051849637053,#450558
1.0588357037324116,0.08187669324024832,-0.8825732162444623,#30b47a
-0.9494367994786151,1.8425817578581303,0.5991222517457186,#2e6c8e
1.0436738392913893,1.6039944019046972,-0.47975737131934054,#23a982
-0.7018205899471489,1.5547821741422316,1.669390104099648,#3b508a
-0.577069411802682,0.29864097628178765,-1.5884074811779483,#d4e11a
0.45034629008488497,0.07553738876629008,-0.09496566718808509,#1e9b89
-0.045488199108922565,0.3368317457417911,-0.029966041659423272,#20908c
0.6435128213987179,1.7245203410529375,1.6503489037971686,#481d6f
0.8521431290985353,1.4921900974576292,-0.21228501946285666,#1fa386
1.0086957816086228,0.46675241156243297,-1.2742610054099723,#44be70
-1.014833005161679,0.14023656976014795,1.2540706686207161,#33608d
0.14713462973973485,0.48551489236659584,-1.9012918173910631,#88d547
0.393398744841421,0.6909570077411491,-0.1926322208260823,#1e9e88
-0.8504766852646196,1.493144928511569,1.4940471708371084,#365b8c
-0.7760409301620215,0.7689497778015653,1.7626332001573282,#3c4e8a
0.9539233281011554,1.5612827854367197,-0.47221658372004677,#21a685
-0.9874390443034966,0.5442389649114922,-1.2619112303574096,#f8e621
0.6787283487042615,1.662502511582292,-1.5941698267053455,#53c567
0.4833517453960196,0.033712965251764704,-1.6989151062592251,#69cc5b
-0.835183681429194,1.0569232693261272,-1.5172632144169165,#e7e419
-0.5008303834184549,1.622746309646959,1.815348863556492,#3c4d8a
-0.1917402727556752,1.1463685042137253,0.13299224306117421,#228b8d
-0.4970189748325997,2.0016520656338836,0.36080895047893446,#277e8e
0.06540944304320849,1.1826615104818436,-2.172589416330548,#8bd546
-0.9880571286553402,1.7214464750356535,0.6000077649031503,#2d6e8e
-0.7762013703335544,0.4568317812578673,1.8258276082098677,#38578c
-1.155212462877973,1.0834358254020566,-1.1437881674833774,#fae622
1.0501243172791581,-0.04317261148315213,-0.8190222970253844,#30b47a
1.0107559148064955,1.2960040650087108,-0.8949237209517167,#2bb17d
-0.8943280477969987,0.31088723753005865,-1.3471380678249427,#e4e318
-0.6381189061695114,0.23836652623776938,1.436934201522528,#37598c
0.6630598114757691,1.6981208500039213,1.9322867149875336,#472575
0.1527346472367768,0.921091875784566,-0.045341719091211305,#1f928c
0.8684080000481954,0.4478524247640049,-0.9768400808649137,#36b877
-0.12933809327213086,0.7651708166074197,1.891585653217794,#423e85
-0.6895514237608381,0.3902387957272297,1.7908497125795952,#3b508a
-0.6523397656348336,0.19889441847802003,-1.7696301752545136,#c5df21
0.9631990796756744,1.627790209195209,-1.2421274995573048,#40bd72
-0.4637252395040524,0.15312394262280202,-1.9482578087346953,#bade27
-0.8603434238752402,1.3326261909226134,0.7483283435179309,#2b738e
0.4392912503710881,1.0723848631224944,-0.17379591270719524,#1e9c89
-0.2917017968871092,1.6022336162232966,-0.13787747681507667,#24868d
-0.44164434521358303,0.2200754014418607,-1.87684162687686,#b2dd2c
0.5151693005778324,0.8156690915523583,1.8812864433464092,#482172
0.9821260769636458,0.05268278071896286,-0.7393101754366305,#2eb27c
-0.6535328509151711,0.8864961584741209,-1.863896475024989,#bade27
1.0885957728254416,0.3910777743190176,1.06902293644315,#440255
0.7294849238893106,1.061835221357751,1.7714724112547757,#481c6e
0.35784249375113525,0.03452618046573903,-1.8640534117915626,#77d052
1.1123365623243398,0.09089361767699894,-1.0848898493252788,#44be70
0.4973190991860869,0.6272942427451338,-0.07562138168075738,#1e9d88
-0.8336215588367712,0.7194255667759792,-1.721999024155891,#c5df21
-0.43371179261648285,0.5460985383951543,1.9060933766938049,#3f4788
0.1858275584483182,0.24718230623816573,-0.12681274196143918,#1e988a
-0.7810888059462934,0.918143936257922,0.32209877679772575,#29798e
0.43069106246297717,1.9471275463731574,-0.06996176870194867,#1f968b
-0.9468684776220507,1.1809509695399503,1.2268036208635533,#365b8c
0.9890354385101063,-0.031435554542356914,1.3868943750560816,#470f62
0.9750036746879986,0.14567232662987978,-1.5791342397035992,#4dc26b
-0.9779508113947311,1.221081957594535,0.5433408007870315,#2a758e
0.9173537705287046,0.7557071819431135,-0.5021057611439661,#22a784
-0.8944006194656302,0.7076328735556033,-0.9921644689741534,#fae622
-0.5713567008882378,0.9485288178631376,0.06398100939619018,#26818e
-0.3597296757730465,0.05576457494275009,0.06577387640749836,#26818e
1.053503520323385,0.26890796209656065,-1.1679434844807663,#40bd72
0.15060257239940855,1.7221625592218763,-0.024343502762117747,#218e8c
-0.7413822737343242,1.9320036245648395,1.2581348309525595,#345f8d
0.06514489024327949,0.7028075077895519,-1.8678752668039151,#90d643
0.2135987433027226,-0.03158893359220458,-0.12127202534420439,#1e998a
1.1215573238000276,1.3722850086234124,-0.8155894614357777,#2eb27c
-0.5976177832695327,1.30549250790195,-1.6141465769199534,#c5df21
0.9921507742995916,0.1909380887886633,-1.0498257373741295,#30b47a
0.8852309043295978,2.1284424555786265,1.768239961410965,#481d6f
0.9289205550740708,1.0677019694066636,-0.9731314720542877,#30b47a
-0.03440246605126446,0.7538371056335379,0.013564842465512282,#1f938b
-0.6004928079689323,0.7735487482946596,1.819372777489772,#3c4e8a
0.8819243813615659,0.7125414839492682,-0.48048088188126975,#29af7f
0.9753538338451971,1.477307828314314,-1.2686442360606616,#3dbb74
0.9861704777348256,0.9073708944533703,-1.1580618236973073,#3ebc73
1.071803468095565,0.12394348920895391,1.2765197535974766,#45065a
-0.39362559320208357,1.8047827417743838,-0.19252264323132495,#23898d
-0.7279026774214501,1.1594348893680084,1.70740818890183,#3b508a
-0.5199628562026908,1.612714585353618,-1.8534480849761987,#b5dd2b
-0.9306120610674413,1.1360684277398694,-1.1168919617639534,#f1e51c
1.135702719979004,0.3184990436503174,-0.7219345127441829,#2fb37b
0.49365608423475826,0.13544955325961577,-0.038114679585786085,#1e9a89
0.7005994827398649,2.091965254665671,-1.8025731098337139,#74d054
0.9840570776584587,2.05101970655095,1.59736797000976,#47186a
-1.0026139951985233,1.4144320347914814,0.924371823989329,#2f6a8d
-0.09341958106480376,2.0063615442831075,-0.1254461044638984,#20918c
-0.9549878701969747,1.7594567794364073,1.8233480152865105,#3b518a
0.6344406644298148,1.481366716047788,-1.8249755962589436,#62ca5f
-0.9607882418492677,0.3086779596942083,-1.2104671536782363,#ece41a
-1.2928409568444945,1.0129388163516417,-1.0615958469062208,#f8e621
-0.9193125714108774,1.1219962736602904,0.760872361963938,#2c728e
-0.8440310514546749,0.3185210916983256,-1.5864836691857023,#d4e11a
0.3166864445406184,0.03532706976771286,-0.09917333102380693,#1e988a
-0.45678218810704185,1.863162714660413,1.8800796776662918,#3e4989
-1.0551590382005556,1.7228168916238784,-1.1017841599733242,#eee51b
0.8965180461334933,0.7309012472975671,-1.2988987283851192,#44be70
-0.9266764490836628,0.8948660649627023,0.8360558541493973,#2f698d
1.0041396567139529,0.16278387763050794,1.3560722470641258,#470f62
-0.09250290836479083,1.3403168510147352,1.8879859928814777,#433b83
1.0113099342476268,0.40065801735776535,-1.2754617614360266,#4dc26b
0.7811317007957372,1.29992627903802,-0.4063632699367245,#22a784
0.6456044331412352,0.07680984711722103,1.674049245176809,#472676
0.44028067233333823,1.9462903257935396,2.0010787711103033,#472b7a
0.9314844617821283,0.39472060594056757,1.5681682101365646,#481a6c
0.7342720517480967,-0.057961435556998925,-0.33567380954939763,#20a585
0.845802835769321,0.9660228094077928,-0.6577876342322844,#29af7f
-0.6265153874165799,1.4449040392088983,1.8412403170092153,#3d4c89
0.9308899340596101,1.8615766374603717,-0.6228861550025269,#26ac81
0.9283200797455141,0.5477064695276275,-1.5273350785302822,#44be70
0.9528803050968769,1.9439587677851538,1.3807938593514264,#46095c
-0.974737980778938,0.375034233680832,-1.318270242177831,#e4e318
-0.940210267055794,1.745152576492476,-1.3679953773590605,#eee51b
0.987688808275514,1.258547701162112,-1.3832603706073197,#45bf6f
-0.08128907177080488,0.336876109826941,1.9416489652326028,#414286
-0.7280664573375109,0.2148623585139357,-1.4204614806127593,#e1e318
-0.3011795264855467,0.5042961776097977,-1.98844122384918,#a2da37
0.2842062818402452,0.8454248251739384,-1.9386089761004364,#81d34c
0.6928680607461519,0.5925894508716698,1.9954483675522225,#472575
-0.4847223676210243,0.7405434085463495,-2.0689109465752935,#bade27
-0.8562289326308359,1.6202158852735802,-1.1760953067662585,#fae622
-0.9210760904493653,0.38854696755695417,0.6957165849118264,#2d6e8e
-0.31428536400722934,0.02333757972741174,-1.9481247839273543,#a5da35
0.5959617369729354,1.6740646989595096,-0.34616619123785675,#1fa187
0.9010387011814867,0.6348464736628119,-0.43767765529717867,#22a784
-0.878128469914255,0.7864378514829992,-1.5569263869644976,#dae218
0.011020970885624176,1.0288314229639113,-0.11967740748130665,#1f948b
-0.13997999262115335,0.09139674680926757,-1.852505353920792,#92d741
0.30314041734891906,1.7390930763170624,-1.9986884460753558,#77d052
-0.9935601189016015,1.045276396568292,0.6645438073072918,#2e6d8e
-1.0408757560156852,0.5221973376930795,1.4136076898617722,#355d8c
1.1134681957511026,0.7436008280126846,-1.0284578501442825,#38b976
-0.9486642865153662,1.829218748451275,0.5133307193880806,#2a768e
0.14830137567653834,1.378421466489411,-1.8994580308686921,#92d741
-0.6709267100817373,1.4351098546063923,1.7550104582989077,#3b508a
1.048960140768981,1.4400118664115973,-0.5985710350948301,#28ae7f
-0.7710001130097576,1.5036168843303257,0.05940029402330699,#26808e
-1.172297709513904,0.6669499895420117,-1.0665349322266224,#f6e61f
0.21886672920323694,1.0288227198698248,-1.8886394709261545,#7ed24e
0.80115817174422,1.5856815552377732,1.4532303220663234,#460b5e
-0.33739753764030866,0.7634731983714451,-1.8824655318167416,#9fd938
-0.8284869243523112,0.6596953013764834,-1.4777361550120791,#dce218
0.4570039419934894,1.0870896453086423,-2.097671491952376,#79d151
0.955981073174503,0.678293722188177,-1.2205071468088053,#3dbb74
-0.149540744269917,0.3420631113265035,-0.03675207849360198,#208f8c
0.683977643596982,0.5129720712021107,-0.4443814362688016,#20a585
0.8493051039705878,0.9123825426940804,1.3444917874911884,#460b5e
-0.1782066665892541,0.58139827670415,0.12568724967482436,#23898d
-0.8129561882389864,1.979219468336126,1.7371374823755912,#3b508a
0.9413179501597821,0.5032260983468888,1.4828626216010696,#47186a
0.07330572473809019,0.6654398868228023,0.032907783318339656,#228b8d
0.7328833564217301,-0.07960894858958578,1.744701630003452,#482374
-0.09167617840534206,0.646873786751066,2.124912738368405,#433c84
-0.6133967789312779,0.05789060512240807,0.1967654465159838,#277d8e
-0.20522488222330393,0.4048741024433658,0.016499287349588825,#218e8c
0.9475620273080508,1.9911383697228107,-0.5230581995112653,#24aa82
-0.26512856612500757,1.6575925951407755,0.23272364381311694,#23878d
0.22114087746630326,1.4496248500775473,-2.090670767129577,#83d34b
0.8669421852182833,1.2637412222529152,-0.5838063819499596,#24aa82
-0.8611533737065438,1.785782008888192,-1.4467643329461917,#dce218
-0.1793151143330314,1.3533472447434007,1.9662327113127134,#423e85
0.5296511851485235,1.0379446429715715,-0.1618670038917044,#1ea087
-0.7121678172174698,0.033546343361907704,1.3738255342996355,#355c8c
0.7889754541888822,0.38911541981817577,-0.33755434542747526,#21a685
0.9498426912742318,0.29580809925372115,1.2975911415829746,#46095c
-0.04098608180724245,1.6618237414357695,0.01737049220915279,#208f8c
-0.8008804844554636,0.29587288633007786,1.3323489126349182,#365b8c
0.565600204619144,1.138432678312173,-0.20243792790898918,#1e9d88
0.8609217655318635,0.8087437021245003,1.3203377733797421,#460c5f
0.8946806784038813,0.2966699782246843,-0.5437466633819801,#26ac81
-0.543040697978642,0.1779731273810265,-1.7585760078140507,#bdde26
-0.9643710131527891,1.1075763769979898,-1.0213894600739344,#f8e621
0.17938560611004253,1.927112876758891,1.8661054739198186,#443781
0.03915876441732817,1.769718098207861,1.9460918417870139,#45347f
-0.987051173613429,0.46822673553459965,-1.3250319586029897,#f3e51e
0.5686890297556019,0.5487410414208828,-1.6509595318229964,#64cb5d
-0.45235900372272086,0.5918209516466795,-1.8955387869583664,#b5dd2b
0.24957153926673314,0.9559413390021909,-0.07063668072789325,#1f958b
0.12313422607798277,-0.11815648617687818,-1.9770145375866421,#88d547
0.9375359046402725,1.9207176731559037,1.4508646555837088,#471265
-0.7674117036444305,1.0385358303690664,1.7890374442605663,#3a538b
0.3306171336929541,0.4229002919954002,1.794767138503485,#462f7c
-0.36750609029893566,1.5892985471820482,-1.7776187126597327,#aadb32
-0.4495142911628743,1.6313220114192775,-2.0004144055119792,#b2dd2c
0.34280272782581367,1.2754558493239327,-1.957949455910746,#7ed24e
0.3104383520445665,1.3487444710587364,-0.02918244623867079,#1e998a
1.0582685936740204,0.7127902170442344,-1.1254540904868673,#40bd72
-0.18317864091376984,0.8248272914910026,1.9126360756763798,#433c84
-0.49485987438113993,1.5049321206830748,1.9148482895207577,#3d4c89
-0.7940927499642212,1.3955087057400595,1.5366643561518065,#38568b
-0.4756773467063273,0.6057969471567489,0.35668681404285135,#287a8e
0.7243437142774265,1.3427133207119593,-1.840834034401616,#59c764
-0.9024603876311168,1.0479850314635468,0.5259794278629795,#2c728e
0.48800134863992983,0.4532965055290552,-1.7041424476250888,#64cb5d
-0.20720792673007266,0.9704275538953134,2.0484144026420026,#414286
1.0158700574435358,0.9577812181336975,-1.0057444765457029,#2eb27c
-0.0662090763239398,1.836011987801747,1.9573757210153884,#45327f
-0.5212366961916063,0.7378545758155908,1.6041470324770308,#3b518a
0.25959111561730586,0.4315985522104896,0.021312519759416254,#1f968b
-0.22471160883882185,1.6631137700056324,-1.9341733613700427,#9fd938
-0.5703134451485226,0.5435893406748468,-1.9148426582429299,#bade27
0.5651640087946301,1.6695463521250642,-0.2431292055174443,#1ea087
0.676937953038417,1.2882510590361889,1.6357453188875268,#482172
-0.889995802677785,1.5750061705172995,0.6989572116481142,#2c728e
0.4529182480384208,1.075983538278307,-1.8314292692017562,#6bcd59
-0.5803366235924627,1.3501524756994019,-1.7479430968218819,#c2df22
-1.0121345613466641,0.17509548323256122,-0.8699032071549057,#fae622
-0.4691862474801521,1.3380843068868422,-1.7419513377253903,#bade27
-0.5285650345801542,1.8143519672922632,0.2715462494506503,#26808e
1.0740872710718572,1.2505746470999561,1.1263199841875844,#460b5e
0.3350625495861395,0.10530263944039094,-0.1644460025230728,#1f968b
-0.8545515508893037,0.8384560235754772,1.550473423474099,#365a8c
0.9531174383142328,0.1431595304171452,1.056136780394091,#45065a
-0.002653703474284383,1.6064864780065462,0.10954083145583444,#218e8c
0.8137256604214079,1.5154202846060658,-0.46615487047338056,#22a784
0.586853468577126,1.5849030564455338,-1.9160790097769076,#67cc5c
0.417670863077144,1.3468266597285572,-0.04244356028696334,#1e998a
0.9975921595222746,1.7396532237565108,-0.9294919123797558,#36b877
-0.8898286752297105,0.07005066411244436,1.5709780120511885,#38568b
-0.0282391813278708,0.41127045198641154,-1.9837730680443821,#8dd644
0.7024076355773389,0.8947543099205717,1.7491052078447373,#482071
0.9505118723606246,0.6506433627757722,-1.4031801389779035,#44be70
0.3445427802900168,1.7735965414464483,1.934308706007407,#472c7b
0.974828619000456,0.5482003054129506,-1.1170203038871855,#35b778
-0.6258979654732061,0.35398807442712915,0.21640059729101796,#267f8e
0.984614681755312,1.3233974787265155,1.207953637063256,#460c5f
0.13760463137412804,1.0624866379481053,0.0072264572545040345,#1f938b
0.24233126411895994,0.3561652031860185,-1.994273955686004,#7ed24e
0.9112340002617356,0.6297662486308414,-1.2965617061436134,#40bd72
0.10092504679803084,2.200762466839194,-1.9713037980975638,#86d449
-0.8531040110944131,0.5561434007675972,-1.0815391003867845,#e9e419
0.8998006669879423,1.2432298837992255,-0.7799635559509032,#2cb17d
-0.2549335129374667,2.0515976596482424,-1.8944918656998289,#a5da35
0.34434981815742216,1.6215824440358788,1.9112964526885516,#462d7c
1.184196131551473,0.3972821785951952,-0.6449029316391062,#28ae7f
-0.10761676983326107,0.8749060237087153,-1.98649622611181,#92d741
0.7000168158882754,0.9575219720290447,1.277652798518213,#471163
0.05930483574440867,1.8817349645588899,2.0092773505473187,#433a83
0.9976244219987979,0.3277944833194453,-1.528104232981318,#44be70
0.20257245073937255,1.5357504305583483,-0.2521742311147267,#1e978a
0.07203332536083916,1.248985300206376,0.013232222179654841,#20918c
0.4866185915949197,1.614179550099064,-0.24991367939898343,#1e9c89
-1.0262157293976681,2.027010455299148,0.7814556999991997,#2d6f8e
0.5340390516530504,2.106693085473919,-0.1200931169045337,#1e9e88
0.7271608264512206,0.42710590501282786,-0.31364890613649676,#23a883
-0.35156180098612644,1.3348590424141442,-0.19872925493594917,#228a8d
0.7373115098184896,0.18102942243319367,1.7735515220876612,#481c6e
-0.49857464779630034,0.28269144885121317,-1.702830700182009,#bdde26
-0.937460258390235,0.8353758558326548,0.5574590205871848,#2b748e
-0.633999180530404,0.7237385017172683,1.7663354751282343,#3d4a89
0.25713339376736377,1.9452826769349487,-0.08861986775861458,#1f968b
-0.7441454130703445,0.687429798895611,-1.3732980723135157,#e7e419
0.8773147316610871,1.5929039787594004,1.289899562988953,#460c5f
0.9291028741087909,0.2941998038813706,-1.0461545091796727,#3ebc73
0.7032354035570834,1.5730370164976621,-1.9070587425286492,#64cb5d
-0.7918137074544557,0.339026749602607,0.22971641979457713,#287a8e
1.1360235879353429,0.16415419656996624,-1.1886889602106994,#3ebc73
-1.2026436761851356,1.2542101142909219,0.9815746487131309,#2f698d
-0.9085852150540037,2.046754210660377,0.25815801817722694,#2a778e
-1.007821013590936,1.709830811278937,-1.320648862246548,#e7e419
0.3909695758291365,0.8118098569265733,-0.32652002170047245,#1fa187
-0.869490323764064,1.960186922931557,1.4884432425102383,#37598c
-0.9868673080604542,0.21437784346285027,0.7992395443312766,#2e6c8e
-0.6445725385287745,0.12881265800891323,-1.7419192071400644,#bade27
0.5604740670792557,1.11016790966215,1.8497974341345012,#482374
0.7752827241296623,0.35587250441352725,-0.6242860046058774,#27ad80
0.7227732526082424,0.8699641738520314,-0.517286320083808,#22a784
0.9718847333948062,1.0845232839354373,1.3016710849976032,#460b5e
-0.00021177308096434477,0.34972114454404635,-1.9490854628601877,#95d73f
0.7142682924175897,1.1347231953063848,1.3459422437949162,#460c5f
0.3062073354199593,0.5973044492518579,1.9606362479890078,#46307d
0.04607405922496721,0.19120085770514403,-2.140723520748691,#92d741
0.44082419771736814,0.06409079767008415,-0.13222848920235133,#1e9e88
-0.06262568616732239,1.8459392806935893,-2.025015418025508,#a2da37
0.7653584157752344,1.21355524619724,1.7011777770623706,#481d6f
-1.0355541074231678,1.9007620654715611,-1.4376151685290004,#e4e318
0.7137562014708722,0.5655299926654868,1.732594713946331,#482172
0.7371983285113647,1.458803679854093,-1.566226234231034,#53c567
0.9601350746667892,0.5853723542238347,-0.5351153603997199,#23a982
-0.6971660480440643,0.9437726787547236,-1.5351246002257568,#d2e11b
0.8757238218690594,0.9190444418458994,-0.8152975167558653,#2eb27c
-0.43225218989151126,1.5945802317517181,0.20421060170238475,#26818e
-0.7239320928768719,0.28947982814092565,0.20861375001341306,#287b8e
-1.1106691976893903,1.897023629431654,0.9956680948978722,#30678d
-0.6403280306519187,1.8043360366065522,0.2083592611326005,#26808e
-0.9600392795750675,0.618954835424665,0.7252219530256262,#2e6b8e
-1.09420798895822,1.7816917197159827,1.0862468467171116,#31658d
-0.987876445621624,0.39990929606107495,-1.4884393365548572,#dce218
0.4822239248216074,0.43154791086525185,1.6438939471525411,#472878
0.5869989960518746,1.8866828458825193,-0.23073475001046234,#1e998a
-0.8105748632114168,1.769341806847005,0.5299998166449551,#2b748e
0.5015659194555441,0.21600680665261027,1.8574082254568867,#472676
-0.4120953228475693,2.136509379995413,1.7790273024950412,#3e4888
0.2802977840465982,0.49024044437733316,-0.029784102806631553,#1e998a
0.6420871768797941,0.7180498206397333,1.7458171406840148,#472575
0.49494776894490916,1.731501670125945,1.8952807826083986,#482374
0.9350538153177474,1.3075986861792286,-1.7250497404618996,#59c764
-0.7586252662011315,0.19969437220121097,-1.580845539101635,#c2df22
0.9629382598886679,1.6623339839027627,-0.7175034885204445,#2ab07e
-0.6502442032731788,1.9288031131145722,-1.6948414405345607,#cae01e
-0.646272754504602,0.22611387271489805,1.4286027091840139,#38578c
0.9327759132356153,1.3888461321570378,1.630103828756793,#47186a
-0.12960094011800552,1.2418991482543733,1.8957874958741634,#424085
1.0087727232095207,0.4016491101467117,-0.8235018441124917,#2bb17d
0.5657246783325552,1.141600601177873,1.6874395648412273,#482172
0.8933771760840713,0.6455732941764902,1.550750466705055,#48196b
0.7823382835186764,0.5914986942404221,-0.35601948318334237,#21a685
-0.25772488508108,1.7578826360251842,0.037009642676831135,#23898d
0.08132341352779582,1.4205488592518154,-2.015407938808641,#95d73f
0.6363744495955562,0.4946733729377259,-1.976942227286679,#69cc5b
-0.7517144640848179,1.4205022420092528,0.38830367119284515,#2a768e
0.07358269809293219,0.8860538574142584,-2.0135056450426254,#92d741
0.3020721299455019,1.7830361069555922,-1.9344808402816311,#74d054
0.8103510846766627,-0.01578235831901814,1.846163444739583,#481d6f
0.32517867584735866,1.0960718843632462,-0.06806208966352267,#1e978a
-0.46839512481632417,1.7499986367466365,0.16373136747086514,#26818e
0.851204210259435,0.8135604450940271,-1.4925866320618586,#49c16d
-0.05841986001857526,0.3848699796550555,-2.0295180961563384,#92d741
0.9335094642848354,0.9785163162546109,-1.0495540523224804,#32b57a
0.9362313985252619,1.6868822071149858,-1.2936875016532654,#42be71
1.0546629388555675,1.2052695438832837,-0.6477189826757788,#2bb17d
0.6991460939616755,1.7026733256352797,-0.34026795864839277,#21a685
-0.24808272787721186,0.2970340058328507,1.8500708639363321,#423e85
-0.6832796012623471,-0.12991888692905018,1.5667368180170627,#37588c
-0.9646735717332808,1.5715036433620417,1.1475085602432233,#33608d
0.5693745058840843,1.046391765908325,1.7772969361708149,#481d6f
0.8583405869241407,0.24151748653246044,-1.37248185306294,#3ebc73
0.3807072523015914,0.29283732767402976,-1.954805424180295,#69cc5b
-0.9288888399358523,1.6040277572568669,0.4435446831178915,#2b748e
0.9290352773986503,1.8330525277676781,-0.7014346920407011,#2cb17d
-0.8194319580864697,1.5810376577798766,-1.692365205710935,#cae01e
-0.24739542281945912,0.23403951120745894,-2.0518765952209783,#a5da35
0.44544423265716115,0.8221226012430548,-1.8066324669612523,#64cb5d
0.8476117878304181,1.3440587161978161,-1.359953512415121,#4dc26b
-0.8745144805047871,1.3579484225164815,1.47137196577364,#355c8c
0.3145517845200845,1.84881420911616,1.8704083637129743,#46307d
0.7600089562047506,0.9596471582909101,-1.6103825725935366,#53c567
-0.17760094894244804,1.2697271854206411,-1.9177482176440885,#a2da37
0.03587923430697604,0.08468006374009068,0.0396896535961683,#218c8d
-0.945753313100375,1.7885175430500453,0.7643529773059842,#2e6c8e
-0.8284004893436836,0.5282961318503295,0.5705944174940296,#29798e
0.6032060563726732,1.0438390483283455,1.7468451194365995,#482172
0.15209144303990413,1.6609116103534394,-2.011533402568424,#7cd24f
1.1329103147045596,0.9023614152983378,-0.8123733639440249,#2fb37b
-0.9164729639459055,1.1311024015338804,-1.4864663143413908,#dae218
-0.9431757442300112,1.3869235436901173,0.5503082822430375,#2c728e
0.22259001477592125,1.974650625538229,1.8066440464041298,#45327f
0.5333289494308202,1.0724953509798454,-1.8790813866355873,#62ca5f
0.30033368900373486,0.4399896215628275,-1.9714443937820638,#7ed24e
-0.8194149450788523,0.3182975579024491,1.2936193968728427,#355c8c
0.6551150844982828,0.8273671208939359,-1.6960033142659003,#5ec961
0.08816979632495917,0.5969096696495013,0.030932803049597647,#20908c
0.9106573097390935,1.4790244340963838,1.5524928009287298,#48196b
-0.7137508480367477,0.26965070564178506,0.3360908639270801,#287a8e
0.9912876112781976,0.46281309760578965,-1.1652526452212502,#3ebc73
-0.5877306068388309,0.7874311666747017,-1.8142503187413197,#bfdf24
0.3087298574344409,1.7353532939365401,-0.05067568472665957,#1f948b
-0.38368154970284185,-0.01415616049316578,-1.8037287272880715,#aadb32
0.5299339399710556,1.1809968643332778,-1.6928746365593843,#60c960
1.1087821938429419,1.102919074989627,1.2728863446141852,#46095c
-0.5737526727346862,1.3814288420504883,-1.9275469672090202,#b7dd29
0.906923730537007,1.0068815959051245,-0.9665378530400696,#30b47a
-0.44823457413948575,1.8331028070831181,1.9153799253432429,#3e4888
0.505691309393346,0.7690360074119678,1.8435491252951342,#482172
-0.5239106268851734,0.39106424503120696,-1.6466780766124414,#c2df22
0.842440508968609,1.1755787052175162,1.4135671155346183,#470f62
-0.5160936579187002,1.2509914759662941,0.25688068749354226,#26818e
-0.7222297795242849,1.3279232809461317,1.7229180209811084,#39548b
0.7790028335571582,1.3508544132357525,-0.31834295589300704,#22a784
-0.037694261838347815,1.1963611938380918,-2.0424745331059944,#92d741
-0.6787619432107042,1.2282260621964063,1.0636021199077845,#31658d
0.600169804272307,1.4857863267501827,1.827618097282438,#482374
0.7700572910241598,1.012890119018647,1.473955640350077,#470f62
-1.0248919454853507,0.9238070121965952,0.9118607467754393,#30688d
-0.44389305204330964,1.3061584641380395,-0.07474140742430048,#228a8d
0.03621066884251395,1.6312533824337447,0.06406180721380163,#208f8c
-0.15930855177641073,0.729751262519193,-1.8911559003404805,#9dd93a
0.9938032934928481,0.36222492450159877,1.3889214938954675,#460c5f
1.1208833716153173,1.2212190201338031,0.907830377588441,#440357
0.25154856657877206,0.432180925467391,2.120759659011887,#462d7c
0.10022879301406072,0.12099839073395455,-1.9244783517077195,#8dd644
-1.140547804919741,1.626940342966429,-1.234474850929034,#ece41a
1.243728898606489,0.549189500861879,-0.7811113040454889,#32b57a
0.6242231352916658,0.5733070761834378,-0.4614066779209486,#22a784
0.1086011682497072,0.6029481576677004,-2.073542713924125,#97d83e
0.9373263448041648,1.5173476885948642,-1.3622315888210716,#4dc26b
0.8405948500230331,1.6469305615110021,-0.600756475360466,#2ab07e
0.09580816698100901,0.8277239185846463,0.05618425924071453,#1f928c
-0.5625019477616038,0.9083592520057355,1.8164596261455734,#3d4c89
0.5242614750960287,0.8408643323395485,-1.86881665938078,#69cc5b
0.15624106404758803,0.11765429246462364,-0.07742323477418424,#1f958b
-1.121185571636866,1.4476592918999407,1.024032434250137,#31668d
-0.7431048300297746,2.043105924184532,1.669920642200419,#38568b
-0.41973034011341537,1.7720273574201935,0.10597720154143817,#23878d
0.7701662652342445,1.3523258292304896,-1.8204194219243808,#5bc862
0.8518799734090572,0.9671694263166732,-1.0896074353771061,#40bd72
0.3423644357840947,0.6790608015346492,2.0755027905337973,#46317e
0.44726343129354146,0.787786130249182,0.06376281240035267,#1e998a
0.5208706426029835,1.007191785552378,1.8720522706277718,#472676
-0.23551894462891618,1.5589139997370265,2.06606665417183,#433b83
-0.6040652549675568,1.0309205825389327,-1.6432201100288322,#bfdf24
0.5950206892534731,0.5119775978161667,1.6542727236390715,#481a6c
1.0362559574188057,0.4916988225601672,1.3078153463194209,#460c5f
1.0604189376161033,0.755923489955373,-1.2095713725301314,#3ebc73
-0.741074847628245,1.917250559732238,-1.7289897898330504,#cde01d
0.6440346924029958,0.07683932327037163,-0.2845923512268921,#22a784
0.6954126436000876,1.5152796094013918,1.6071148368612955,#481a6c
0.6986181914035363,0.6178282237343815,-0.5405616566179727,#26ac81
0.8255705233705255,1.2383101023422063,-0.31724003491380287,#21a685
0.864250610073214,0.8876591886502578,-1.459793128917476,#53c567
0.5252624912522695,1.716964785608228,1.7662216943705318,#472878
-0.39738584391408915,0.6425696219207024,1.9867977937039258,#404487
0.5217553536533418,1.0350725028714685,-1.8152484309198105,#6dce58
-0.8004774729800743,0.9909265726515836,-1.8035830721494868,#cde01d
-0.8979653100726109,1.2428301823803274,1.1744213399166337,#32638d
-0.5296222054240625,1.7617394200935277,1.9866934913905838,#3d4b89
0.5437561556757198,1.0489422425668664,-1.780076991001842,#67cc5c
0.8929878922587186,0.8344108114902756,1.3677074595953325,#460b5e
0.1041488962279537,0.6985753175281972,-0.13954943664477568,#208f8c
-0.031289759612413,0.29108264959765906,1.8774068174915253,#433a83
0.29992023493658154,0.4439071816753409,0.03798089839206088,#1e998a
0.20433014593122759,0.440342642357448,0.00846603103140189,#1f958b
0.09362801107708862,1.443674089484293,1.8997920761935032,#472c7b
-0.517518270200713,1.294042678369168,1.8397738206217669,#3d4a89
-0.8142893470408047,0.30456051882225715,-1.5073920963100425,#dce218
0.47954330991140115,1.6433283651137314,-1.866199538901553,#62ca5f
-0.2423136400947511,2.0751388016412866,1.9769573389558965,#423e85
0.7975425776889762,0.36350456333950965,1.5408116333844322,#481d6f
0.3376706984524148,0.9433314765776475,1.9514146104553336,#45327f
0.21994674494595803,1.694592799731598,-1.9844488890258882,#7ed24e
-0.8096243922612767,1.01439108899421,0.4774401730184711,#287a8e
0.9060276163918263,0.40998055835452524,1.581806724399449,#481d6f
-0.004773032921154746,1.7168740159608862,1.961730946869713,#424085
0.6991332500311964,0.5242540984971098,-1.6567779184994997,#62ca5f
-0.02175384434504829,0.349248688867664,-1.7715700600680773,#97d83e
0.7196200362025258,1.4368098332749142,-0.40589488954607844,#1fa386
0.0498909182789887,0.6337830067275533,1.9655847438007186,#45347f
0.6938021701986828,0.41340738923334425,-0.3942216483168858,#1fa286
0.9999819013024862,0.8216110872769773,1.2410453999012934,#460e61
-0.8655381096726522,1.115181791472314,0.658377017137884,#2c708e
0.7862006484043922,0.797934915226588,1.768104262394569,#481e70
